area,mean_price_eur_mwh,load_weighted_price_eur_mwh,price_std_eur_mwh,price_load_sum,price_sq_load_sum,load_twh,generation_twh,consumer_surplus_meur,producer_surplus_meur,societal_surplus_meur,scenario,scenario_folder,load_mode,case,hydro_uprated,is_baseline,baseline,delta_mean_price_eur_mwh,delta_pct_mean_price_eur_mwh,delta_price_std_eur_mwh,delta_pct_price_std_eur_mwh,delta_load_twh,delta_pct_load_twh,delta_generation_twh,delta_pct_generation_twh,delta_consumer_surplus_meur,delta_pct_consumer_surplus_meur,delta_producer_surplus_meur,delta_pct_producer_surplus_meur,delta_societal_surplus_meur,delta_pct_societal_surplus_meur
DK1,70.4660947838022,71.47151848303164,33.00954696568487,1604531082.5547664,139140401990.55524,22.449936934468585,37.14303174764132,20845.405851913823,2099.5503937609888,22944.956245674814,B23-BA,BASELINE_23TWh_BA_FalseHYD_FalseFF_BALOAD_22.91TWH_NoneNUKE_NoneOFF,BA,BASELINE_23TWh,False,True,B23-BA,0.0,0.0,0.0,0.0,0.0,0.0,0.0,0.0,0.0,0.0,0.0,0.0,0.0,0.0
DK1,70.44897388923278,71.51511546616051,33.367646641171845,1605509832.0765426,139813977267.06607,22.449936934468585,37.16157773931743,20844.427102392045,2099.440589680209,22943.867692072254,B23-LLPS,BASELINE_23TWh_LLPS_FalseHYD_FalseFF_LLPSLOAD_22.91TWH_NoneNUKE_NoneOFF,LLPS,BASELINE_23TWh,False,True,B23-LLPS,0.0,0.0,0.0,0.0,0.0,0.0,0.0,0.0,0.0,0.0,0.0,0.0,0.0,0.0
DK1,63.17249337752559,64.57956750586916,34.694350889670304,1449807217.7620196,120650866911.17316,22.449936934468585,36.9197104864081,21000.129716706564,1733.3055838878674,22733.435300594432,N-BA,BA_N_FalseHYD_FalseFF_BALOAD_22.91TWH_900p8407111111112NO2-2005p0970666666665NO1NUKE_NoneOFF,BA,N,False,False,B23-BA,-7.293601406276615,-10.350511730008868,1.6848039239854344,5.103989841898997,0.0,0.0,-0.22332126123321672,-0.6012467230745057,154.72386479274064,0.7422444345382481,-366.2448098731213,-17.443963762977646,-211.52094508038135,-0.9218624904558431
DK1,62.38586877304006,63.90051667176043,35.19600192612586,1434562569.3609803,119479340740.226,22.449936934468585,36.78976142626678,21015.374365107607,1691.7126968988991,22707.087062006507,OWN-BA,BA_OWN_FalseHYD_FalseFF_BALOAD_22.91TWH_1781p3768888888892NO1NUKE_1400NO2-500NO2OFF,BA,OWN,False,False,B23-BA,-8.080226010762146,-11.466828175384455,2.18645496044099,6.623704841250694,0.0,0.0,-0.35327032137453784,-0.9511079326392667,169.96851319378402,0.8153763683050534,-407.8376968620896,-19.425001565764635,-237.8691836683065,-1.03669486714818
DK1,60.99436233086825,62.67976923585572,36.073828965394654,1407156866.4120054,117414845105.08641,22.449936934468585,36.507321141686454,21042.780068056585,1621.96307519031,22664.743143246895,OW-BA,BA_OW_FalseHYD_FalseFF_BALOAD_22.91TWH_NoneNUKE_3000NO2-500NO2-1500NO5OFF,BA,OW,False,False,B23-BA,-9.471732452933956,-13.441545869675739,3.0642819997097845,9.283017434002545,0.0,0.0,-0.6357106059548627,-1.7115205088104637,197.37421614276172,0.9468475574182248,-477.5873185706787,-22.74712338364796,-280.2131024279188,-1.2212405176442196
DK1,63.18448507335048,64.67022538971223,34.964873847851464,1451842481.5369086,121336980362.81863,22.449936934468585,36.92924595673811,20998.09445293168,1735.0865058865495,22733.18095881823,N-LLPS,LLPS_N_FalseHYD_FalseFF_LLPSLOAD_22.91TWH_900p8407111111112NO2-2005p0970666666665NO1NUKE_NoneOFF,LLPS,N,False,False,B23-LLPS,-7.264488815882295,-10.311702803939035,1.5972272066796194,4.786754138989306,0.0,0.0,-0.23233178257932252,-0.6251935378231062,153.66735053963566,0.7372107172089237,-364.3540837936596,-17.35481754447544,-210.68673325402415,-0.9182703460533914
DK1,62.49256495592733,64.07133987156014,35.440762528063466,1438397539.4234278,120358248115.91153,22.449936934468585,36.78449563348545,21011.539395045158,1698.0472287398275,22709.586623784984,OWN-LLPS,LLPS_OWN_FalseHYD_FalseFF_LLPSLOAD_22.91TWH_1781p3768888888892NO1NUKE_1400NO2-500NO2OFF,LLPS,OWN,False,False,B23-LLPS,-7.956408933305447,-11.293860639922652,2.073115886891621,6.212952052583876,0.0,0.0,-0.3770821058319811,-1.014709624217659,167.1122926531134,0.8017120923123672,-401.3933609403816,-19.119062616652688,-234.2810682872696,-1.021105383937601
DK1,60.99093131002788,62.760486529607874,36.348589922839906,1408968964.566262,118088883159.40927,22.449936934468585,36.48278803061854,21040.967969902325,1623.549161621577,22664.517131523902,OW-LLPS,LLPS_OW_FalseHYD_FalseFF_LLPSLOAD_22.91TWH_NoneNUKE_3000NO2-500NO2-1500NO5OFF,LLPS,OW,False,False,B23-LLPS,-9.458042579204893,-13.425380182365485,2.980943281668061,8.933633569440643,0.0,0.0,-0.6787897086988863,-1.8265901234347164,196.5408675102808,0.9428940720933815,-475.8914280586321,-22.667534885143894,-279.3505605483515,-1.217539101504124
DK1,62.94352344280763,64.34686534802539,34.748579690695415,1444583068.993912,120061878172.43063,22.449936934468585,36.90197324303019,21005.353865474674,1721.171514867932,22726.525380342606,N-BA+,BA_N_UPRATE_TrueHYD_FalseFF_BALOAD_22.91TWH_900p8407111111112NO2-2005p0970666666665NO1NUKE_NoneOFF,BA,N,True,False,B23-BA,-7.522571340994574,-10.675448049270585,1.7390327250105457,5.268272014815472,0.0,0.0,-0.2410585046111251,-0.6490006153750036,159.9480135608501,0.7673058260276818,-378.3788788930567,-18.021900308630126,-218.43086533220776,-0.9519776938924543
DK1,62.262249744176266,63.764289065394316,35.18530243049251,1431504268.1893272,119071997514.65605,22.449936934468585,36.782442323711635,21018.43266627926,1685.2312414689713,22703.663907748232,OWN-BA+,BA_OWN_UPRATE_TrueHYD_FalseFF_BALOAD_22.91TWH_1781p3768888888892NO1NUKE_1400NO2-500NO2OFF,BA,OWN,True,False,B23-BA,-8.20384503962594,-11.642258684543604,2.1757554648076436,6.591291504453102,0.0,0.0,-0.36058942392968163,-0.970813116117211,173.0268143654357,0.8300477121655564,-414.3191522920174,-19.73370839410217,-241.29233792658124,-1.051613850743627
DK1,60.97928649571013,62.65636060003689,36.01606664885671,1406631344.0141504,117255494842.3583,22.449936934468585,36.50315474754124,21043.305590454434,1621.1211519271544,22664.426742381587,OW-BA+,BA_OW_UPRATE_TrueHYD_FalseFF_BALOAD_22.91TWH_NoneNUKE_3000NO2-500NO2-1500NO5OFF,BA,OW,True,False,B23-BA,-9.486808288092078,-13.46294032214877,3.006519683171838,9.10803073516056,0.0,0.0,-0.6398770001000784,-1.7227376710860776,197.899738540611,0.9493686040295625,-478.42924183383434,-22.787223552982187,-280.5295032932263,-1.2226194737072418
DK1,63.227856439165514,64.67995163421644,34.872363298845755,1452060835.1126373,121220182552.13333,22.449936934468585,36.910473203496814,20997.876099355948,1736.6939679682805,22734.570067324228,N-LLPS+,LLPS_N_UPRATE_TrueHYD_FalseFF_LLPSLOAD_22.91TWH_900p8407111111112NO2-2005p0970666666665NO1NUKE_NoneOFF,LLPS,N,True,False,B23-LLPS,-7.221117450067261,-10.25013857749164,1.5047166576739102,4.509507889049815,0.0,0.0,-0.2511045358206161,-0.675710104619547,153.44899696390348,0.7361631778610702,-362.7466217119286,-17.278251334903594,-209.29762474802556,-0.9122159679309156
DK1,62.25990210911295,63.83221500720218,35.44539341675779,1433029201.2991283,119678988134.73361,22.449936934468585,36.77241619664795,21016.907733169457,1686.0445667888498,22702.952299958306,OWN-LLPS+,LLPS_OWN_UPRATE_TrueHYD_FalseFF_LLPSLOAD_22.91TWH_1781p3768888888892NO1NUKE_1400NO2-500NO2OFF,LLPS,OWN,True,False,B23-LLPS,-8.189071780119825,-11.62411789417336,2.0777467755859433,6.226830432273406,0.0,0.0,-0.389161542669477,-1.0472148018025054,172.48063077741244,0.8274664011160042,-413.3960228913593,-19.690770242482955,-240.91539211394775,-1.0500208393251445
DK1,60.9888987075828,62.735082181920376,36.27863727791729,1408398638.5628164,117903253617.67804,22.449936934468585,36.48100038503554,21041.538295905768,1623.0623205094942,22664.60061641526,OW-LLPS+,LLPS_OW_UPRATE_TrueHYD_FalseFF_LLPSLOAD_22.91TWH_NoneNUKE_3000NO2-500NO2-1500NO5OFF,LLPS,OW,True,False,B23-LLPS,-9.460075181649977,-13.42826539464449,2.9109906367454457,8.723991440120376,0.0,0.0,-0.6805773542818869,-1.8314005908361293,197.11119351372326,0.9456301799299793,-476.37826917071493,-22.690723972488204,-279.26707565699326,-1.2171752356883048
DK2,57.23541844993118,64.87976733227833,39.209504862146595,915737766.7835718,81112094984.18788,14.114381176702882,12.724207678998358,13198.64340991931,565.5633951875504,13764.20680510686,B23-BA,BASELINE_23TWh_BA_FalseHYD_FalseFF_BALOAD_22.91TWH_NoneNUKE_NoneOFF,BA,BASELINE_23TWh,False,True,B23-BA,0.0,0.0,0.0,0.0,0.0,0.0,0.0,0.0,0.0,0.0,0.0,0.0,0.0,0.0
DK2,57.093041495586036,64.89545102568677,39.84650992537081,915959132.410597,81851610031.56598,14.114381176702882,12.701824279488056,13198.422044292283,565.3795529698676,13763.80159726215,B23-LLPS,BASELINE_23TWh_LLPS_FalseHYD_FalseFF_LLPSLOAD_22.91TWH_NoneNUKE_NoneOFF,LLPS,BASELINE_23TWh,False,True,B23-LLPS,0.0,0.0,0.0,0.0,0.0,0.0,0.0,0.0,0.0,0.0,0.0,0.0,0.0,0.0
DK2,48.07792496375414,55.75065585660884,39.79210616544022,786886007.6113601,66218287486.81252,14.114381176702882,12.180555621323467,13327.49516909152,441.2252792460567,13768.720448337577,N-BA,BA_N_FalseHYD_FalseFF_BALOAD_22.91TWH_900p8407111111112NO2-2005p0970666666665NO1NUKE_NoneOFF,BA,N,False,False,B23-BA,-9.157493486177039,-15.99969692575568,0.5826013032936217,1.4858675347774493,0.0,0.0,-0.5436520576748904,-4.272580826955556,128.85175917221022,0.9762500218421915,-124.33811594149375,-21.984823805695758,4.513643230717207,0.03279261416678609
DK2,48.117266494638095,55.74764443194857,39.734933242096275,786843503.2158201,66149373144.79453,14.114381176702882,12.201917110540599,13327.53767348706,441.0914468245407,13768.629120311602,OWN-BA,BA_OWN_FalseHYD_FalseFF_BALOAD_22.91TWH_1781p3768888888892NO1NUKE_1400NO2-500NO2OFF,BA,OWN,False,False,B23-BA,-9.118151955293087,-15.930960587401891,0.5254283799496804,1.3400535961802882,0.0,0.0,-0.522290568457759,-4.104700124627905,128.8942635677504,0.9765720579349934,-124.47194836300974,-22.00848736360187,4.422315204741608,0.032129095903302034
DK2,48.93705130459512,56.51960429992537,39.66225646143471,797739239.0455619,67291162761.95146,14.114381176702882,12.299897707412663,13316.641937657318,450.5355639852895,13767.177501642607,OW-BA,BA_OW_FalseHYD_FalseFF_BALOAD_22.91TWH_NoneNUKE_3000NO2-500NO2-1500NO5OFF,BA,OW,False,False,B23-BA,-8.298367145336059,-14.498657247688971,0.4527515992881135,1.154698588722058,0.0,0.0,-0.4243099715856946,-3.3346671344104943,117.9985277380074,0.8940201206536633,-115.02783120226093,-20.33862731942115,2.9706965357472654,0.021582765921862375
DK2,48.173137367534224,55.99179052058196,40.264410630568435,790289474.1735928,67132278743.9054,14.114381176702882,12.158325169445785,13324.09170252929,444.4096570424961,13768.501359571785,N-LLPS,LLPS_N_FalseHYD_FalseFF_LLPSLOAD_22.91TWH_900p8407111111112NO2-2005p0970666666665NO1NUKE_NoneOFF,LLPS,N,False,False,B23-LLPS,-8.919904128051812,-15.623452340932696,0.41790070519762423,1.048776181352689,0.0,0.0,-0.543499110042271,-4.278905912121283,125.66965823700593,0.9521566882410185,-120.96989592737151,-21.396227594707284,4.699762309634025,0.034145815575900816
DK2,48.25434561240639,56.02316421521666,40.18424341355779,790732294.4585884,67090852728.55116,14.114381176702882,12.183986568929017,13323.648882244293,445.04920377420865,13768.698086018501,OWN-LLPS,LLPS_OWN_FalseHYD_FalseFF_LLPSLOAD_22.91TWH_1781p3768888888892NO1NUKE_1400NO2-500NO2OFF,LLPS,OWN,False,False,B23-LLPS,-8.838695883179646,-15.481213912667416,0.3377334881869771,0.8475861218950512,0.0,0.0,-0.5178377105590393,-4.076876668773366,125.2268379520101,0.9488015880365411,-120.33034919565898,-21.283109472845066,4.896488756350664,0.03557511870357574
DK2,49.13596786499501,56.855123480482234,40.1445473290012,802474884.6520364,68371329132.466484,14.114381176702882,12.28449830561233,13311.906292050844,455.10289907103066,13767.009191121875,OW-LLPS,LLPS_OW_FalseHYD_FalseFF_LLPSLOAD_22.91TWH_NoneNUKE_3000NO2-500NO2-1500NO5OFF,LLPS,OW,False,False,B23-LLPS,-7.957073630591026,-13.937028790463373,0.29803740363038855,0.7479636339257509,0.0,0.0,-0.4173259738757267,-3.2855593392963147,113.48424775856074,0.8598319358005188,-110.27665389883697,-19.50488894045913,3.2075938597245113,0.023304563329091834
DK2,47.90293702269595,55.54834583842763,39.73855367870628,784030526.8988847,65840361272.84586,14.114381176702882,12.167349805342381,13330.350649803995,438.37004347302724,13768.720693277022,N-BA+,BA_N_UPRATE_TrueHYD_FalseFF_BALOAD_22.91TWH_900p8407111111112NO2-2005p0970666666665NO1NUKE_NoneOFF,BA,N,True,False,B23-BA,-9.33248142723523,-16.305430588227754,0.5290488165596869,1.3492871649864624,0.0,0.0,-0.5568578736559768,-4.376365803704112,131.7072398846849,0.9978846749181937,-127.1933517145232,-22.489671855856887,4.513888170162318,0.032794393705909405
DK2,47.94501821043811,55.550887082408714,39.6662404545221,784066394.9850967,65763301177.57354,14.114381176702882,12.19193187121634,13330.314781717783,438.35906417411974,13768.673845891903,OWN-BA+,BA_OWN_UPRATE_TrueHYD_FalseFF_BALOAD_22.91TWH_1781p3768888888892NO1NUKE_1400NO2-500NO2OFF,BA,OWN,True,False,B23-BA,-9.290400239493074,-16.23190760389076,0.45673559237550165,1.1648593726987881,0.0,0.0,-0.5322758077820176,-4.183174475064195,131.67137179847305,0.9976129190634602,-127.2043310134307,-22.491613158812655,4.467040785042627,0.032454037114476114
DK2,48.89361721548468,56.454057238708685,39.586206176698255,796814082.8385369,67101578963.39821,14.114381176702882,12.290987877812999,13317.567093864343,449.7538145761875,13767.320908440532,OW-BA+,BA_OW_UPRATE_TrueHYD_FalseFF_BALOAD_22.91TWH_NoneNUKE_3000NO2-500NO2-1500NO5OFF,BA,OW,True,False,B23-BA,-8.3418012344465,-14.574543980566512,0.37670131455166,0.9607397896914855,0.0,0.0,-0.4332198011853592,-3.4046898016322067,118.92368394503319,0.901029600175858,-115.80958061136295,-20.47685221441153,3.1141033336716646,0.02262464795658443
DK2,48.120538790527796,55.90426229248925,40.12624797324127,789054067.3985709,66837273353.67954,14.114381176702882,12.151434411218792,13325.32710930431,443.0078164110534,13768.334925715362,N-LLPS+,LLPS_N_UPRATE_TrueHYD_FalseFF_LLPSLOAD_22.91TWH_900p8407111111112NO2-2005p0970666666665NO1NUKE_NoneOFF,LLPS,N,True,False,B23-LLPS,-8.97250270505824,-15.715580165320008,0.27973804787045964,0.7020390202162892,0.0,0.0,-0.5503898682692636,-4.333156058205577,126.90506501202617,0.9615169494212896,-122.37173655881423,-21.644174416285644,4.533328453211652,0.03293660128109814
DK2,48.083135201300834,55.826422277625156,40.08698874492998,787955403.7579788,66670071177.28771,14.114381176702882,12.173089625889785,13326.425772944902,441.9821897667137,13768.407962711615,OWN-LLPS+,LLPS_OWN_UPRATE_TrueHYD_FalseFF_LLPSLOAD_22.91TWH_1781p3768888888892NO1NUKE_1400NO2-500NO2OFF,LLPS,OWN,True,False,B23-LLPS,-9.009906294285202,-15.78109355932942,0.24047881955917205,0.6035128798220191,0.0,0.0,-0.5287346535982707,-4.162667046591997,128.00372865261852,0.9698411539125945,-123.39736320315393,-21.82557939263334,4.606365449464647,0.033467246798885346
DK2,49.031601874519744,56.736240886000324,40.03568376369985,800796930.3982433,68057527738.26229,14.114381176702882,12.277860101424388,13313.584246304636,453.2605866276828,13766.844832932318,OW-LLPS+,LLPS_OW_UPRATE_TrueHYD_FalseFF_LLPSLOAD_22.91TWH_NoneNUKE_3000NO2-500NO2-1500NO5OFF,LLPS,OW,True,False,B23-LLPS,-8.061439621066292,-14.119828633914231,0.18917383832904022,0.47475635553363904,0.0,0.0,-0.4239641780636685,-3.337821156511514,115.16220201235228,0.8725452302243561,-112.11896634218482,-19.83074303859027,3.0432356701676326,0.022110429656098666
FI,25.99900080494754,67.89894516761275,126.3781643572627,5364143071.029628,1625993182859.9294,79.00186163110351,83.49811985688795,73637.7185600739,3136.3721809549043,76774.0907410288,B23-BA,BASELINE_23TWh_BA_FalseHYD_FalseFF_BALOAD_22.91TWH_NoneNUKE_NoneOFF,BA,BASELINE_23TWh,False,True,B23-BA,0.0,0.0,0.0,0.0,0.0,0.0,0.0,0.0,0.0,0.0,0.0,0.0,0.0,0.0
FI,25.957569735301178,67.92012233782422,126.66777619129407,5365816106.900412,1632010072277.602,79.00186163110351,83.36982522932918,73636.04552420312,3135.1533318182087,76771.19885602132,B23-LLPS,BASELINE_23TWh_LLPS_FalseHYD_FalseFF_LLPSLOAD_22.91TWH_NoneNUKE_NoneOFF,LLPS,BASELINE_23TWh,False,True,B23-LLPS,0.0,0.0,0.0,0.0,0.0,0.0,0.0,0.0,0.0,0.0,0.0,0.0,0.0,0.0
FI,23.74707602437199,63.373429086162034,126.77871451228279,5006618875.753524,1587071081805.005,79.00186163110351,81.71298481490464,73995.24275534999,2765.72593298766,76760.96868833764,N-BA,BA_N_FalseHYD_FalseFF_BALOAD_22.91TWH_900p8407111111112NO2-2005p0970666666665NO1NUKE_NoneOFF,BA,N,False,False,B23-BA,-2.25192478057555,-8.661582025671597,0.40055015502008473,0.3169456979037581,0.0,0.0,-1.7851350419833096,-2.1379344170179535,357.52419527608436,0.4855177513198143,-370.6462479672441,-11.81767426129882,-13.122052691163844,-0.01709177219099424
FI,23.788333454174257,63.435647274183744,126.75115119545332,5011534228.434553,1587142318332.0376,79.00186163110351,81.84400067351906,73990.32740266896,2772.1791105143443,76762.50651318331,OWN-BA,BA_OWN_FalseHYD_FalseFF_BALOAD_22.91TWH_1781p3768888888892NO1NUKE_1400NO2-500NO2OFF,BA,OWN,False,False,B23-BA,-2.2106673507732815,-8.502893504863454,0.37298683819061296,0.29513550864388555,0.0,0.0,-1.6541191833688913,-1.981025664055643,352.6088425950584,0.4788427038344471,-364.19307044055995,-11.611921335486315,-11.584227845494752,-0.015088720340004014
FI,24.039677535083126,63.88962893174478,126.76099460766872,5047399624.528249,1591906032981.1296,79.00186163110351,82.21077450465818,73954.46200657525,2810.439254573904,76764.90126114916,OW-BA,BA_OW_FalseHYD_FalseFF_BALOAD_22.91TWH_NoneNUKE_3000NO2-500NO2-1500NO5OFF,BA,OW,False,False,B23-BA,-1.959323269864413,-7.53614834879177,0.38283025040601615,0.30292436383533816,0.0,0.0,-1.287345352229778,-1.5417656762047223,316.74344650135026,0.4301375065591554,-325.93292638100047,-10.392036007721714,-9.189479879642022,-0.011969506627749713
FI,23.74275973933347,63.481387047060544,127.02118041994707,5015147755.642405,1593014613785.1519,79.00186163110351,81.58761442141697,73986.71387546112,2772.2254541546386,76758.93932961577,N-LLPS,LLPS_N_FalseHYD_FalseFF_LLPSLOAD_22.91TWH_900p8407111111112NO2-2005p0970666666665NO1NUKE_NoneOFF,LLPS,N,False,False,B23-LLPS,-2.214809995967709,-8.532424331526164,0.35340422865300525,0.27900089452844984,0.0,0.0,-1.7822108079122074,-2.1377168573999032,350.6683512580057,0.47621833676924713,-362.92787766357014,-11.576080633131037,-12.259526405556244,-0.01596891358769592
FI,23.80903131932435,63.58518119786161,126.94430462199045,5023347686.782107,1592514134402.8396,79.00186163110351,81.71525989306073,73978.5139443214,2782.559459789752,76761.07340411116,OWN-LLPS,LLPS_OWN_FalseHYD_FalseFF_LLPSLOAD_22.91TWH_1781p3768888888892NO1NUKE_1400NO2-500NO2OFF,LLPS,OWN,False,False,B23-LLPS,-2.1485384159768266,-8.277116994719682,0.2765284306963878,0.21831000670507839,0.0,0.0,-1.6545653362684476,-1.9846093376316423,342.46842011828267,0.46508257970713296,-352.59387202845664,-11.246463401009242,-10.125451910163974,-0.013189128294262418
FI,24.052244325019494,64.02251701964317,126.93691163730712,5057898030.86082,1596774742533.6646,79.00186163110351,82.10884389259745,73943.96360024269,2818.9811265431754,76762.94472678586,OW-LLPS,LLPS_OW_FalseHYD_FalseFF_LLPSLOAD_22.91TWH_NoneNUKE_3000NO2-500NO2-1500NO5OFF,LLPS,OW,False,False,B23-LLPS,-1.9053254102816837,-7.34015329520823,0.2691354460130526,0.2124734909742186,0.0,0.0,-1.2609813367317315,-1.5125152694792063,307.9180760395684,0.41816215665513995,-316.1722052750333,-10.08474456627841,-8.254129235458095,-0.010751596117364405
FI,23.716495099406874,63.311834334102954,126.77973581292281,5001752775.67415,1586475076909.9072,79.00186163110351,81.67743355376597,74000.10885542937,2761.220784570169,76761.32963999953,N-BA+,BA_N_UPRATE_TrueHYD_FalseFF_BALOAD_22.91TWH_900p8407111111112NO2-2005p0970666666665NO1NUKE_NoneOFF,BA,N,True,False,B23-BA,-2.2825057055406646,-8.779205488182876,0.401571455660104,0.317753828521269,0.0,0.0,-1.8206863031219882,-2.180511736363122,362.39029535546433,0.4921259137867302,-375.1513963847351,-11.961316283277197,-12.761101029274869,-0.016621624438796792
FI,23.75106063936349,63.35143415847146,126.7546134762514,5004881235.519527,1586368145354.6748,79.00186163110351,81.80345731353876,73996.98039558399,2765.669787879797,76762.65018346379,OWN-BA+,BA_OWN_UPRATE_TrueHYD_FalseFF_BALOAD_22.91TWH_1781p3768888888892NO1NUKE_1400NO2-500NO2OFF,BA,OWN,True,False,B23-BA,-2.2479401655840476,-8.646255994408333,0.37644911898868827,0.29787512811508443,0.0,0.0,-1.694662543349196,-2.0295816795081993,359.2618355100858,0.48787746624306233,-370.70239307510747,-11.819464390295762,-11.440557565016206,-0.014901586530808971
FI,24.018295362315683,63.84124473292797,126.74204157702657,5043577182.748191,1591038212794.341,79.00186163110351,82.19840886698717,73958.28444835532,2806.6766933166987,76764.96114167201,OW-BA+,BA_OW_UPRATE_TrueHYD_FalseFF_BALOAD_22.91TWH_NoneNUKE_3000NO2-500NO2-1500NO5OFF,BA,OW,True,False,B23-BA,-1.980705442631855,-7.618390635439083,0.36387721976386445,0.2879272868176876,0.0,0.0,-1.2997109899007881,-1.556575156576501,320.56588828141685,0.4353283813646373,-329.6954876382056,-10.512001402136722,-9.129599356791005,-0.011891510884298965
FI,23.738232595876518,63.44728902953698,126.9689510852809,5012453948.780112,1591624674639.766,79.00186163110351,81.57667155292727,73989.4076823234,2769.907443608487,76759.3151259319,N-LLPS+,LLPS_N_UPRATE_TrueHYD_FalseFF_LLPSLOAD_22.91TWH_900p8407111111112NO2-2005p0970666666665NO1NUKE_NoneOFF,LLPS,N,True,False,B23-LLPS,-2.2193371394246597,-8.549864883562103,0.3011748939868397,0.2377675704450708,0.0,0.0,-1.7931536764019143,-2.150842551809848,353.3621581202897,0.47987660880586613,-365.24588820972167,-11.65001674727979,-11.883730089422897,-0.01547941189730533
FI,23.74316043712139,63.429845357093136,126.89350827397882,5011075866.183366,1589936776102.9702,79.00186163110351,81.69500775246742,73990.78576492015,2770.113647795926,76760.89941271607,OWN-LLPS+,LLPS_OWN_UPRATE_TrueHYD_FalseFF_LLPSLOAD_22.91TWH_1781p3768888888892NO1NUKE_1400NO2-500NO2OFF,LLPS,OWN,True,False,B23-LLPS,-2.2144092981797883,-8.530880667030576,0.22573208268475753,0.17820797796580579,0.0,0.0,-1.6748174768617616,-2.0089012688400927,354.74024071703025,0.48174808708383476,-365.0396840222825,-11.643439582924017,-10.29944330525177,-0.013415764581933403
FI,24.03001763976351,63.97269092308399,126.96879683859437,5053961676.4748335,1596910494042.1482,79.00186163110351,82.1041277269021,73947.89995462868,2815.199558725489,76763.09951335417,OW-LLPS+,LLPS_OW_UPRATE_TrueHYD_FalseFF_LLPSLOAD_22.91TWH_NoneNUKE_3000NO2-500NO2-1500NO5OFF,LLPS,OW,True,False,B23-LLPS,-1.927552095537667,-7.425780283723091,0.3010206473003052,0.23764579781183093,0.0,0.0,-1.2656975024270736,-1.5181721911320574,311.8544304255629,0.4235078461988576,-319.95377309271953,-10.205362839691313,-8.099342667148449,-0.010549975495808219
NO1,35.783812719437954,80.77126746207716,93.64916815881871,3290623170.7977467,623084583795.4666,40.74002147289225,25.707251467115725,37449.39830209451,1434.079440671887,38883.477742766394,B23-BA,BASELINE_23TWh_BA_FalseHYD_FalseFF_BALOAD_22.91TWH_NoneNUKE_NoneOFF,BA,BASELINE_23TWh,False,True,B23-BA,0.0,0.0,0.0,0.0,0.0,0.0,0.0,0.0,0.0,0.0,0.0,0.0,0.0,0.0
NO1,39.18597510912012,93.23194258487452,139.01067690236155,3798260770.3304343,1141375921908.979,40.73990807252197,25.681266465445052,36941.64730219154,1572.7832271845348,38514.43052937607,B23-LLPS,BASELINE_23TWh_LLPS_FalseHYD_FalseFF_LLPSLOAD_22.91TWH_NoneNUKE_NoneOFF,LLPS,BASELINE_23TWh,False,True,B23-LLPS,0.0,0.0,0.0,0.0,0.0,0.0,0.0,0.0,0.0,0.0,0.0,0.0,0.0,0.0
NO1,21.302108686201702,48.88478967514744,35.393807206689274,1991567381.063328,148393256965.64465,40.74002147289225,40.31997974230776,38748.45409182893,1032.4990057591083,39780.95309758803,N-BA,BA_N_FalseHYD_FalseFF_BALOAD_22.91TWH_900p8407111111112NO2-2005p0970666666665NO1NUKE_NoneOFF,BA,N,False,False,B23-BA,-14.481704033236252,-40.469986098965116,-58.255360952129436,-62.205956654451796,0.0,0.0,14.612728275192033,56.84282621144615,1299.0557897344188,3.4688295370069104,-401.5804349127786,-28.002663138705373,897.4753548216395,2.3081149293252183
NO1,21.43223609407203,49.069465083487124,36.50244158139467,1999091061.164602,152377484190.37927,40.74002147289225,38.69109947180376,38740.930411727655,1007.3977255256447,39748.3281372533,OWN-BA,BA_OWN_FalseHYD_FalseFF_BALOAD_22.91TWH_1781p3768888888892NO1NUKE_1400NO2-500NO2OFF,BA,OWN,False,False,B23-BA,-14.351576625365922,-40.10633729247658,-57.14672657742404,-61.022140079781025,0.0,0.0,12.983848004688035,50.50655851442053,1291.5321096331463,3.4487392807080486,-426.68171514624225,-29.75300412551314,864.850394486908,2.2242104994011207
NO1,24.776899807362412,57.30318909313774,84.9355363642272,2334533154.1196365,427676556730.02795,40.74002147289225,25.53918864596878,38405.488318772615,890.6774110476557,39296.16572982027,OW-BA,BA_OW_FalseHYD_FalseFF_BALOAD_22.91TWH_NoneNUKE_3000NO2-500NO2-1500NO5OFF,BA,OW,False,False,B23-BA,-11.006912912075542,-30.759474956944793,-8.713631794591507,-9.304547991087484,0.0,0.0,-0.16806282114694682,-0.6537564755295987,956.0900166781066,2.553018366184627,-543.4020296242312,-37.89204518332956,412.687987053876,1.0613453605770886
NO1,22.025389015787304,52.52909716549881,45.15814717804455,2140030589.6549962,195493068689.2657,40.73990807252197,40.21221073860979,38599.87748286697,1105.4346483212478,39705.31213118822,N-LLPS,LLPS_N_FalseHYD_FalseFF_LLPSLOAD_22.91TWH_900p8407111111112NO2-2005p0970666666665NO1NUKE_NoneOFF,LLPS,N,False,False,B23-LLPS,-17.160586093332817,-43.7926733877266,-93.85252972431701,-67.51461960741133,0.0,0.0,14.530944273164739,56.58188350140979,1658.230180675433,4.488782449549995,-467.348578863287,-29.714748401780415,1190.8816018121506,3.092040010571702
NO1,22.254346950267443,53.02489836495236,49.72259299377308,2160229484.94298,215268700597.39273,40.73990807252197,38.58555251672665,38579.678587578994,1084.90661553072,39664.58520310972,OWN-LLPS,LLPS_OWN_FalseHYD_FalseFF_LLPSLOAD_22.91TWH_1781p3768888888892NO1NUKE_1400NO2-500NO2OFF,LLPS,OWN,False,False,B23-LLPS,-16.93162815885268,-43.20838797989238,-89.28808390858848,-64.23109785394594,0.0,0.0,12.904286051281598,50.247857007537846,1638.0312853874566,4.4341046082432864,-487.87661165381473,-31.01995260511334,1150.1546737336466,2.9862954168733986
NO1,27.78027339381366,68.00748972106096,121.97035539735641,2770618879.4790063,794500979234.5776,40.73990807252197,25.49978277660656,37969.28919304297,1039.3495262838276,39008.638719326795,OW-LLPS,LLPS_OW_FalseHYD_FalseFF_LLPSLOAD_22.91TWH_NoneNUKE_3000NO2-500NO2-1500NO5OFF,LLPS,OW,False,False,B23-LLPS,-11.405701715306463,-29.106591538287145,-17.04032150500514,-12.25828251809315,0.0,0.0,-0.18148368883849386,-0.7066773326100791,1027.6418908514315,2.7817976887848945,-533.4337009007072,-33.91654308620875,494.2081899507248,1.283176677307426
NO1,20.81761907273062,47.61258840058387,34.44102792133681,1939737873.8197672,140681119092.3122,40.74002147289225,40.52899590447308,38800.283599072485,986.7134756334666,39786.99707470595,N-BA+,BA_N_UPRATE_TrueHYD_FalseFF_BALOAD_22.91TWH_900p8407111111112NO2-2005p0970666666665NO1NUKE_NoneOFF,BA,N,True,False,B23-BA,-14.966193646707335,-41.823921235138876,-59.2081402374819,-63.22334880441372,0.0,0.0,14.821744437357353,57.65588925878394,1350.8852969779764,3.6072283086653028,-447.3659650384203,-31.19534053349394,903.5193319395548,2.3236587475965655
NO1,20.952064575330688,47.80699231039966,36.587639005826105,1947657893.2800767,147648512735.69266,40.74002147289225,38.89380600338132,38792.363579612174,962.0848022181733,39754.44838183035,OWN-BA+,BA_OWN_UPRATE_TrueHYD_FalseFF_BALOAD_22.91TWH_1781p3768888888892NO1NUKE_1400NO2-500NO2OFF,BA,OWN,True,False,B23-BA,-14.831748144107266,-41.448205255251025,-57.061529152992605,-60.93116497972787,0.0,0.0,13.186554536265596,51.2950773953163,1342.9652775176655,3.5860797193170253,-471.9946384537136,-32.91272610620353,870.9706390639549,2.2399504612881085
NO1,24.454851725699143,56.331762112954486,84.44807576036453,2294957198.087624,419815529410.38824,40.74002147289225,25.75166776185356,38445.06427480464,863.1532426289742,39308.217517433615,OW-BA+,BA_OW_UPRATE_TrueHYD_FalseFF_BALOAD_22.91TWH_NoneNUKE_3000NO2-500NO2-1500NO5OFF,BA,OW,True,False,B23-BA,-11.32896099373881,-31.659457538980636,-9.201092398454179,-9.825065806083975,0.0,0.0,0.044416294737835926,0.17277729902262204,995.6659727101287,2.6586968492213185,-570.9261980429127,-39.81133693510211,424.73977466722135,1.0923399842912378
NO1,21.714790492702026,51.55951142582765,44.93423811143152,2100529755.7523649,190559655977.18124,40.73990807252197,40.42272599535062,38639.37831676961,1072.8957687165384,39712.27408548615,N-LLPS+,LLPS_N_UPRATE_TrueHYD_FalseFF_LLPSLOAD_22.91TWH_900p8407111111112NO2-2005p0970666666665NO1NUKE_NoneOFF,LLPS,N,True,False,B23-LLPS,-17.471184616418096,-44.58530014314193,-94.07643879093004,-67.67569289444403,0.0,0.0,14.741459529905566,57.401606535801726,1697.731014578072,4.59571009568205,-499.88745846799634,-31.783620897512566,1197.8435561100778,3.110116233437355
NO1,21.84704318213885,51.854157476187105,49.79060955221959,2112533608.7579408,210542152059.3737,40.73990807252197,38.79550472933754,38627.374463764034,1043.334435638747,39670.70889940278,OWN-LLPS+,LLPS_OWN_UPRATE_TrueHYD_FalseFF_LLPSLOAD_22.91TWH_1781p3768888888892NO1NUKE_1400NO2-500NO2OFF,LLPS,OWN,True,False,B23-LLPS,-17.33893192698127,-44.24780008331557,-89.22006735014196,-64.18216883643292,0.0,0.0,13.114238263892485,51.06538761060753,1685.7271615724967,4.563216003289848,-529.4487915457878,-33.66317636115454,1156.27837002671,3.002195162005013
NO1,27.102586217841313,66.03929052719405,118.45633658279337,2690434625.2524567,749332859729.2897,40.73990807252197,25.72457552760177,38049.47344726951,999.811809691133,39049.28525696065,OW-LLPS+,LLPS_OW_UPRATE_TrueHYD_FalseFF_LLPSLOAD_22.91TWH_NoneNUKE_3000NO2-500NO2-1500NO5OFF,LLPS,OW,True,False,B23-LLPS,-12.083388891278808,-30.836004100014158,-20.554340319568183,-14.786159435800142,0.0,0.0,0.04330906215671604,0.16864067905291874,1107.8261450779755,2.9988542092227015,-572.9714174934018,-36.430412506311335,534.8547275845776,1.3887125428912377
NO2,35.36483294579079,74.25769438855022,29.137445902228716,3112418868.0665736,266705440232.0904,41.913755789143885,51.84023404147973,38801.3369210773,3409.1813214374347,42210.518242514736,B23-BA,BASELINE_23TWh_BA_FalseHYD_FalseFF_BALOAD_22.91TWH_NoneNUKE_NoneOFF,BA,BASELINE_23TWh,False,True,B23-BA,0.0,0.0,0.0,0.0,0.0,0.0,0.0,0.0,0.0,0.0,0.0,0.0,0.0,0.0
NO2,35.30249694230681,74.93047143959171,27.92510884007631,3140610000.8211765,268012147432.96017,41.91365595975341,51.85313245354488,38773.04595893224,3428.129772563621,42201.17573149586,B23-LLPS,BASELINE_23TWh_LLPS_FalseHYD_FalseFF_LLPSLOAD_22.91TWH_NoneNUKE_NoneOFF,LLPS,BASELINE_23TWh,False,True,B23-LLPS,0.0,0.0,0.0,0.0,0.0,0.0,0.0,0.0,0.0,0.0,0.0,0.0,0.0,0.0
NO2,25.012264603533357,53.63088806354155,28.40883675169168,2247871945.050192,154382368474.91794,41.913755789143885,58.82340533777865,39665.88384409368,2436.5109528829025,42102.39479697659,N-BA,BA_N_FalseHYD_FalseFF_BALOAD_22.91TWH_900p8407111111112NO2-2005p0970666666665NO1NUKE_NoneOFF,BA,N,False,False,B23-BA,-10.352568342257431,-29.27362433219021,-0.7286091505370358,-2.5005937479280043,0.0,0.0,6.98317129629892,13.470562827149596,864.5469230163799,2.2281369448039525,-972.6703685545322,-28.53090747735351,-108.1234455381491,-0.2561528501425656
NO2,24.411215108659224,52.56031310563114,29.30018241193041,2203000127.710362,151773364723.3683,41.913755789143885,51.788378301470296,39710.75566143352,2212.945591046906,41923.70125248042,OWN-BA,BA_OWN_FalseHYD_FalseFF_BALOAD_22.91TWH_1781p3768888888892NO1NUKE_1400NO2-500NO2OFF,BA,OWN,False,False,B23-BA,-10.953617837131564,-30.973192645705094,0.16273650970169484,0.5585132967651333,0.0,0.0,-0.0518557400094366,-0.10002991106858133,909.4187403562173,2.343781973817019,-1196.2357303905287,-35.08865084025957,-286.81699003431277,-0.6794917522368362
NO2,23.245227211988283,50.48536713706827,30.83823314597581,2116031349.1083496,146688459769.70822,41.913755789143885,51.600203846747796,39797.72444003553,2155.4963065994953,41953.22074663502,OW-BA,BA_OW_FalseHYD_FalseFF_BALOAD_22.91TWH_NoneNUKE_3000NO2-500NO2-1500NO5OFF,BA,OW,False,False,B23-BA,-12.119605733802505,-34.27021909697727,1.7007872437470937,5.837118495059997,0.0,0.0,-0.24003019473193632,-0.4630191185863035,996.387518958225,2.5679205873367126,-1253.6850148379394,-36.773785159345536,-257.2974958797131,-0.6095577751532111
NO2,25.478647449106933,55.802945289796305,30.083950787836823,2338905450.4174647,168451519714.09763,41.91365595975341,58.802656488699505,39574.75050933595,2543.35623009852,42118.10673943447,N-LLPS,LLPS_N_FalseHYD_FalseFF_LLPSLOAD_22.91TWH_900p8407111111112NO2-2005p0970666666665NO1NUKE_NoneOFF,LLPS,N,False,False,B23-LLPS,-9.823849493199877,-27.827633578595094,2.1588419477605143,7.730827335799974,0.0,0.0,6.949524035154624,13.402322494944139,801.7045504037087,2.0676852451903334,-884.773542465101,-25.809219637664135,-83.06899206138769,-0.19684046859242144
NO2,25.00895699936757,54.931591277990314,31.529711501601465,2302383818.1474776,168140924002.1977,41.91365595975341,51.783171451817125,39611.27214160594,2322.099699772631,41933.371841378575,OWN-LLPS,LLPS_OWN_FalseHYD_FalseFF_LLPSLOAD_22.91TWH_1781p3768888888892NO1NUKE_1400NO2-500NO2OFF,LLPS,OWN,False,False,B23-LLPS,-10.29353994293924,-29.158107313942924,3.6046026615251563,12.908106042373104,0.0,0.0,-0.06996100172775499,-0.1349214568482105,838.2261826737013,2.1618785987604285,-1106.0300727909898,-32.26336650505151,-267.803890117284,-0.634588694450555
NO2,23.68140293539976,52.63081974553907,33.138674818640176,2205950071.6943216,162129354290.49966,41.91365595975341,51.61877552679726,39707.7058880591,2248.8262278905604,41956.53211594966,OW-LLPS,LLPS_OW_FalseHYD_FalseFF_LLPSLOAD_22.91TWH_NoneNUKE_3000NO2-500NO2-1500NO5OFF,LLPS,OW,False,False,B23-LLPS,-11.62109400690705,-32.91861769975889,5.213565978563867,18.669814353889628,0.0,0.0,-0.23435692674762265,-0.45196291074137623,934.6599291268576,2.410591961531301,-1179.3035446730605,-34.40078476933371,-244.64361554619973,-0.5797080562464417
NO2,24.474382950909952,52.33239652472282,27.666806355871156,2193447287.797874,146871328707.62463,41.913755789143885,58.90826372748793,39720.308501346,2354.833464645132,42075.14196599113,N-BA+,BA_N_UPRATE_TrueHYD_FalseFF_BALOAD_22.91TWH_900p8407111111112NO2-2005p0970666666665NO1NUKE_NoneOFF,BA,N,True,False,B23-BA,-10.890449994880836,-30.794574971057635,-1.4706395463575603,-5.047249341250845,0.0,0.0,7.068029686008195,13.63425496951411,918.9715802686987,2.3684018469206496,-1054.3478567923025,-30.92671692650689,-135.37627652360243,-0.3207169259230996
NO2,23.895284446711365,51.24187994835907,28.501860553389047,2147739642.332151,144103110216.0207,41.913755789143885,51.90331195377498,39766.01614681173,2143.0510829402747,41909.06722975201,OWN-BA+,BA_OWN_UPRATE_TrueHYD_FalseFF_BALOAD_22.91TWH_1781p3768888888892NO1NUKE_1400NO2-500NO2OFF,BA,OWN,True,False,B23-BA,-11.469548499079423,-32.43207317467213,-0.635585348839669,-2.1813351484971895,0.0,0.0,0.06307791229524895,0.12167752222101744,964.6792257344277,2.4862009979104704,-1266.13023849716,-37.13883537186909,-301.4510127627291,-0.7141608900198374
NO2,22.881401455629234,49.522714633551814,29.564958270913866,2075682967.1661527,139429714147.62473,41.913755789143885,51.73083498586621,39838.07282197773,2105.569833414448,41943.64265539218,OW-BA+,BA_OW_UPRATE_TrueHYD_FalseFF_BALOAD_22.91TWH_NoneNUKE_3000NO2-500NO2-1500NO5OFF,BA,OW,True,False,B23-BA,-12.483431490161554,-35.29899747949287,0.4275123686851501,1.4672266406591588,0.0,0.0,-0.10939905561352248,-0.2110311761439721,1036.7359009004285,2.6719076793904555,-1303.6114880229866,-38.23825620026971,-266.8755871225585,-0.6322490180984309
NO2,25.240908110273775,55.08316450157477,30.29785180781315,2308736806.0935073,165647581535.95096,41.91365595975341,58.896311770789865,39604.91915365991,2493.0444924888084,42097.96364614872,N-LLPS+,LLPS_N_UPRATE_TrueHYD_FalseFF_LLPSLOAD_22.91TWH_900p8407111111112NO2-2005p0970666666665NO1NUKE_NoneOFF,LLPS,N,True,False,B23-LLPS,-10.061588832033035,-28.501068489507162,2.3727429677368406,8.496808307266589,0.0,0.0,7.043179317244984,13.58293893537667,831.8731947276683,2.145493535918675,-935.0852800748125,-27.276834370699387,-103.21208534714242,-0.2445715873032241
NO2,24.48391524632195,53.716624780693664,31.68054612972076,2251460130.377159,163007773360.74335,41.91365595975341,51.901290201976494,39662.19582937626,2254.6860828087188,41916.881912184974,OWN-LLPS+,LLPS_OWN_UPRATE_TrueHYD_FalseFF_LLPSLOAD_22.91TWH_1781p3768888888892NO1NUKE_1400NO2-500NO2OFF,LLPS,OWN,True,False,B23-LLPS,-10.81858169598486,-30.64537251760167,3.7554372896444512,13.448245846243186,0.0,0.0,0.048157748431613356,0.09287336396650249,889.1498704440164,2.293216456055036,-1173.4436897549022,-34.229850315070735,-284.29381931088574,-0.6736632673925947
NO2,23.32328994466315,51.62701934210805,32.372580935159455,2163877126.932652,155639366962.67886,41.91365595975341,51.73195532002211,39749.77883282077,2196.1115486142376,41945.890381435005,OW-LLPS+,LLPS_OW_UPRATE_TrueHYD_FalseFF_LLPSLOAD_22.91TWH_NoneNUKE_3000NO2-500NO2-1500NO5OFF,LLPS,OW,True,False,B23-LLPS,-11.979206997643661,-33.93303033839422,4.447472095083146,15.926427075193425,0.0,0.0,-0.12117713352277093,-0.23369298591812807,976.7328738885262,2.5191027677399016,-1232.0182239493834,-35.93849433033734,-255.2853500608544,-0.6049247340526774
NO3,32.52196120200887,78.96891324547371,153.2880138568982,2607044484.0745864,981602052978.5027,33.013554029427084,26.226318020272384,30406.509545352495,1376.8520117419298,31783.361557094424,B23-BA,BASELINE_23TWh_BA_FalseHYD_FalseFF_BALOAD_22.91TWH_NoneNUKE_NoneOFF,BA,BASELINE_23TWh,False,True,B23-BA,0.0,0.0,0.0,0.0,0.0,0.0,0.0,0.0,0.0,0.0,0.0,0.0,0.0,0.0
NO3,38.18920656025695,99.29774758660788,201.01226757974817,3278166604.200593,1659455955333.5427,33.01350417179769,26.19058176915556,29735.337567597096,1674.534635420136,31409.872203017232,B23-LLPS,BASELINE_23TWh_LLPS_FalseHYD_FalseFF_LLPSLOAD_22.91TWH_NoneNUKE_NoneOFF,LLPS,BASELINE_23TWh,False,True,B23-LLPS,0.0,0.0,0.0,0.0,0.0,0.0,0.0,0.0,0.0,0.0,0.0,0.0,0.0,0.0
NO3,23.27471916622743,58.434040334418754,140.6055920598843,1929115347.738055,765401739397.4487,33.013554029427084,26.08567689482861,31084.43868168903,904.1447345134724,31988.583416202502,N-BA,BA_N_FalseHYD_FalseFF_BALOAD_22.91TWH_900p8407111111112NO2-2005p0970666666665NO1NUKE_NoneOFF,BA,N,False,False,B23-BA,-9.247242035781436,-28.433838839984343,-12.682421797013916,-8.273590007404998,0.0,0.0,-0.14064112544377494,-0.536259513573588,677.9291363365337,2.2295526401193007,-472.70727722845743,-34.332468064625914,205.2218591080782,0.6456895968647792
NO3,23.45203835632117,58.74211561912803,140.72909611176078,1939286007.794936,767740586333.8235,33.013554029427084,26.09685259016898,31074.26802163215,910.9909682072125,31985.258989839363,OWN-BA,BA_OWN_FalseHYD_FalseFF_BALOAD_22.91TWH_1781p3768888888892NO1NUKE_1400NO2-500NO2OFF,BA,OWN,False,False,B23-BA,-9.069922845687696,-27.888609759264614,-12.558917745137421,-8.193020073220977,0.0,0.0,-0.12946543010340505,-0.49364699232019926,667.7584762796541,2.196103683928819,-465.8610435347173,-33.83522989847917,201.89743274493958,0.6352299532013274
NO3,24.810384659112483,61.90848496352274,146.76851417384106,2043819113.223232,837674604985.3175,33.013554029427084,26.130368091529654,30969.734916203855,966.9241031108089,31936.659019314666,OW-BA,BA_OW_FalseHYD_FalseFF_BALOAD_22.91TWH_NoneNUKE_3000NO2-500NO2-1500NO5OFF,BA,OW,False,False,B23-BA,-7.711576542896385,-23.711904995508217,-6.519499683057148,-4.2531046746704,0.0,0.0,-0.0959499287427299,-0.36585360045036686,563.2253708513599,1.852318399161493,-409.9279086311209,-29.772837250134017,153.29746222024187,0.48231985136268274
NO3,28.398497467941354,76.67264747287638,184.63895846963334,2531232767.208578,1319557680209.0818,33.01350417179769,26.063352712770197,30482.27140458911,1175.3890850786222,31657.660489667735,N-LLPS,LLPS_N_FalseHYD_FalseFF_LLPSLOAD_22.91TWH_900p8407111111112NO2-2005p0970666666665NO1NUKE_NoneOFF,LLPS,N,False,False,B23-LLPS,-9.790709092315595,-25.637372373440897,-16.373309110114832,-8.145427792668924,0.0,0.0,-0.12722905638536375,-0.4857817115586199,746.9338369920151,2.5119399949437824,-499.14555034151385,-29.808015897878377,247.7882866505024,0.7888866438199003
NO3,28.51251646200543,76.83404953546382,184.82839865491056,2536561214.875145,1322686312625.462,33.01350417179769,26.07206254874323,30476.942956922543,1178.8964791187354,31655.83943604128,OWN-LLPS,LLPS_OWN_FalseHYD_FalseFF_LLPSLOAD_22.91TWH_1781p3768888888892NO1NUKE_1400NO2-500NO2OFF,LLPS,OWN,False,False,B23-LLPS,-9.67669009825152,-25.338808972066825,-16.18386892483761,-8.051184696186237,0.0,0.0,-0.1185192204123311,-0.45252610826656103,741.6053893254466,2.494020414732341,-495.6381563014006,-29.59856104600944,245.96723302404644,0.7830889327859756
NO3,30.270146675606732,81.25165510807288,192.96743146394206,2682401854.875831,1447254614507.2642,33.01350417179769,26.10286241718747,30331.10231692186,1252.8472448127375,31583.949561734597,OW-LLPS,LLPS_OW_FalseHYD_FalseFF_LLPSLOAD_22.91TWH_NoneNUKE_3000NO2-500NO2-1500NO5OFF,LLPS,OW,False,False,B23-LLPS,-7.919059884650217,-20.736382339222224,-8.044836115806106,-4.002161764885546,0.0,0.0,-0.08771935196809011,-0.3349270846338988,595.7647493247641,2.0035580493088974,-421.6873906073986,-25.182363009266652,174.0773587173644,0.5542122476405444
NO3,21.62114893819706,53.216326724942746,126.59857227397092,1756860077.5815418,622608423578.3734,33.013554029427084,26.084997191825654,31256.69395184554,819.4891272611004,32076.183079106642,N-BA+,BA_N_UPRATE_TrueHYD_FalseFF_BALOAD_22.91TWH_900p8407111111112NO2-2005p0970666666665NO1NUKE_NoneOFF,BA,N,True,False,B23-BA,-10.900812263811808,-33.51831150680565,-26.689441582927287,-17.41130367038559,0.0,0.0,-0.14132082844673022,-0.5388511964870258,850.1844064930447,2.7960605120589768,-557.3628844808294,-40.48095799167839,292.82152201221834,0.9213044425342011
NO3,21.90253410443902,53.80451841562242,127.885734354831,1776278375.741455,635500590190.0728,33.013554029427084,26.092074115728053,31237.27565368563,831.9172908439847,32069.192944529612,OWN-BA+,BA_OWN_UPRATE_TrueHYD_FalseFF_BALOAD_22.91TWH_1781p3768888888892NO1NUKE_1400NO2-500NO2OFF,BA,OWN,True,False,B23-BA,-10.619427097569847,-32.6530956469928,-25.402279502067202,-16.571601955637224,0.0,0.0,-0.13424390454433066,-0.5118671421606457,830.7661083331332,2.7321982060914065,-544.9347208979451,-39.57830734535651,285.83138743518793,0.8993113800179106
NO3,23.399645227888616,57.32124526392729,135.80394555005728,1892378027.554705,717332921795.4136,33.013554029427084,26.122919726140772,31121.17600187238,893.2561838723128,32014.432185744692,OW-BA+,BA_OW_UPRATE_TrueHYD_FalseFF_BALOAD_22.91TWH_NoneNUKE_3000NO2-500NO2-1500NO5OFF,BA,OW,True,False,B23-BA,-9.122315974120252,-28.049710524704672,-17.484068306840925,-11.406024428735277,0.0,0.0,-0.10339829413161183,-0.39425394770126393,714.6664565198844,2.3503732168071823,-483.595827869617,-35.12329747463519,231.0706286502682,0.7270175882282989
NO3,26.2488872360521,69.31265546291672,168.19529872355284,2288253640.283377,1092545695508.6511,33.01350417179769,26.066649669940222,30725.25053151431,1064.9920025251865,31790.242534039495,N-LLPS+,LLPS_N_UPRATE_TrueHYD_FalseFF_LLPSLOAD_22.91TWH_900p8407111111112NO2-2005p0970666666665NO1NUKE_NoneOFF,LLPS,N,True,False,B23-LLPS,-11.94031932420485,-31.26621472316997,-32.81696885619533,-16.325853765704007,0.0,0.0,-0.1239320992153381,-0.4731933803826074,989.9129639172133,3.329079287117062,-609.5426328949495,-36.40071814591144,380.3703310222627,1.21098974412804
NO3,26.32750433273947,69.40829003196252,168.5304474368268,2291410872.527539,1096709349357.9276,33.01350417179769,26.073770321781147,30722.09329927015,1066.268332780157,31788.361632050306,OWN-LLPS+,LLPS_OWN_UPRATE_TrueHYD_FalseFF_LLPSLOAD_22.91TWH_1781p3768888888892NO1NUKE_1400NO2-500NO2OFF,LLPS,OWN,True,False,B23-LLPS,-11.86170222751748,-31.060352638647938,-32.48182014292138,-16.159123288350933,0.0,0.0,-0.11681144737441329,-0.4460055465891987,986.7557316730527,3.318461508734747,-608.2663026399791,-36.32449814854781,378.489429033074,1.20500149311883
NO3,28.33842516209628,74.56104767035508,179.05439867656492,2461521458.3188734,1241962332612.962,33.01350417179769,26.101912457742646,30551.982713478817,1152.3531821668892,31704.335895645705,OW-LLPS+,LLPS_OW_UPRATE_TrueHYD_FalseFF_LLPSLOAD_22.91TWH_NoneNUKE_3000NO2-500NO2-1500NO5OFF,LLPS,OW,True,False,B23-LLPS,-9.85078139816067,-25.79467416432857,-21.957868903183254,-10.923646187152157,0.0,0.0,-0.08866931141291445,-0.33855418789260955,816.645145881721,2.746379266841173,-522.1814532532469,-31.18367588271669,294.4636926284729,0.9374877131788736
NO4,12.890186614792475,28.49719795248506,61.88168764429821,667501316.5469908,108718162923.53488,23.42340175549723,27.225605096028062,22755.900438950244,421.5588831035624,23177.459322053808,B23-BA,BASELINE_23TWh_BA_FalseHYD_FalseFF_BALOAD_22.91TWH_NoneNUKE_NoneOFF,BA,BASELINE_23TWh,False,True,B23-BA,0.0,0.0,0.0,0.0,0.0,0.0,0.0,0.0,0.0,0.0,0.0,0.0,0.0,0.0
NO4,13.498952252060851,31.5818725850125,81.13611570066547,739753456.1790043,177560376896.08154,23.423356363297525,27.218823192428992,22683.602907118522,487.9870011126753,23171.5899082312,B23-LLPS,BASELINE_23TWh_LLPS_FalseHYD_FalseFF_LLPSLOAD_22.91TWH_NoneNUKE_NoneOFF,LLPS,BASELINE_23TWh,False,True,B23-LLPS,0.0,0.0,0.0,0.0,0.0,0.0,0.0,0.0,0.0,0.0,0.0,0.0,0.0,0.0
NO4,9.437657482529545,21.329678728217925,59.65953372345493,499613634.1667317,94026574396.38605,23.42340175549723,27.02138275044227,22923.7881213305,231.53748591506994,23155.32560724557,N-BA,BA_N_FalseHYD_FalseFF_BALOAD_22.91TWH_900p8407111111112NO2-2005p0970666666665NO1NUKE_NoneOFF,BA,N,False,False,B23-BA,-3.4525291322629297,-26.784167176454126,-2.222153920843283,-3.5909717485670942,0.0,0.0,-0.20422234558579078,-0.7501113193461575,167.8876823802566,0.7377764849633938,-190.02139718849244,-45.07588496049099,-22.133714808238437,-0.09549672593828165
NO4,9.633166406091032,21.76172401190328,59.4808277109869,509733604.42306155,93963948146.69531,23.42340175549723,27.04325782590492,22913.66815107417,243.03977606557928,23156.70792713975,OWN-BA,BA_OWN_FalseHYD_FalseFF_BALOAD_22.91TWH_1781p3768888888892NO1NUKE_1400NO2-500NO2OFF,BA,OWN,False,False,B23-BA,-3.2570202087014426,-25.267440309698568,-2.4008599333113096,-3.879758333534275,0.0,0.0,-0.18234727012314167,-0.669763883961368,157.76771212392487,0.6933046334386356,-178.5191070379831,-42.34737167052584,-20.751394914059347,-0.08953265595558176
NO4,10.306175553939664,23.255221754998374,64.58059291207975,544716402.0805063,110358381077.7822,23.42340175549723,27.070711764965843,22878.685353416728,274.7511213313448,23153.436474748072,OW-BA,BA_OW_FalseHYD_FalseFF_BALOAD_22.91TWH_NoneNUKE_3000NO2-500NO2-1500NO5OFF,BA,OW,False,False,B23-BA,-2.584011060852811,-20.04634330031701,2.698905267781541,4.361395706101462,0.0,0.0,-0.15489333106221892,-0.5689252103521338,122.78491446648331,0.5395739658638949,-146.8077617722176,-34.82497170772511,-24.022847305735922,-0.10364745752299827
NO4,10.034310550019745,24.105766319313375,76.39409766045861,564637954.9076521,150311100572.69064,23.423356363297525,27.03253292974122,22858.718408389872,291.6956424668878,23150.414050856758,N-LLPS,LLPS_N_FalseHYD_FalseFF_LLPSLOAD_22.91TWH_900p8407111111112NO2-2005p0970666666665NO1NUKE_NoneOFF,LLPS,N,False,False,B23-LLPS,-3.4646417020411064,-25.666004570926372,-4.742018040206858,-5.8445218867779305,0.0,0.0,-0.18629026268777338,-0.6844170351185155,175.11550127134979,0.771991565838932,-196.29135864578745,-40.224710534956266,-21.175857374440966,-0.09138715754208436
NO4,10.40956034231177,25.023560104678303,78.92671619427222,586135765.8102746,160581281097.94843,23.423356363297525,27.042562499207044,22837.220597487252,313.96633802821856,23151.18693551547,OWN-LLPS,LLPS_OWN_FalseHYD_FalseFF_LLPSLOAD_22.91TWH_1781p3768888888892NO1NUKE_1400NO2-500NO2OFF,LLPS,OWN,False,False,B23-LLPS,-3.0893919097490805,-22.88616073352975,-2.209399506393254,-2.723077740798396,0.0,0.0,-0.17626069322194837,-0.6475691177970394,153.6176903687301,0.6772190952104973,-174.02066308445671,-35.660921845800495,-20.402972715728538,-0.0880516736077779
NO4,11.177646386883577,26.875418748958737,84.95549825979344,629512510.7697083,185975003826.85855,23.423356363297525,27.073013077008206,22793.84385252782,354.4333988056385,23148.27725133346,OW-LLPS,LLPS_OW_FalseHYD_FalseFF_LLPSLOAD_22.91TWH_NoneNUKE_3000NO2-500NO2-1500NO5OFF,LLPS,OW,False,False,B23-LLPS,-2.3213058651772744,-17.196192873583108,3.8193825591279733,4.707376642503786,0.0,0.0,-0.1458101154207867,-0.535695883653575,110.24094540929946,0.4859939836748944,-133.55360230703678,-27.368270466737187,-23.312656897738634,-0.10060879287984173
NO4,9.383356411729345,21.19028889343482,58.39860401349938,496348650.0659746,90400869209.3306,23.42340175549723,27.15988046015621,22927.05310543126,227.39445666559072,23154.44756209685,N-BA+,BA_N_UPRATE_TrueHYD_FalseFF_BALOAD_22.91TWH_900p8407111111112NO2-2005p0970666666665NO1NUKE_NoneOFF,BA,N,True,False,B23-BA,-3.5068302030631298,-27.20542617310733,-3.4830836307988307,-5.628617711300837,0.0,0.0,-0.0657246358718524,-0.24140743847577864,171.15266648101533,0.7521243421686846,-194.16442643797166,-46.05867275492145,-23.011759956956666,-0.09928508399995561
NO4,9.583897342215378,21.645748160986397,60.59348859846523,507017055.47309977,96975442836.12117,23.42340175549723,27.179148163851483,22916.384700024133,237.54171371921834,23153.926413743353,OWN-BA+,BA_OWN_UPRATE_TrueHYD_FalseFF_BALOAD_22.91TWH_1781p3768888888892NO1NUKE_1400NO2-500NO2OFF,BA,OWN,True,False,B23-BA,-3.3062892725770965,-25.649661803832043,-1.2881990458329824,-2.0817128537891083,0.0,0.0,-0.04645693217657865,-0.17063691334947131,160.48426107388877,0.7052424117623363,-184.01716938434404,-43.65159335027876,-23.53290831045524,-0.10153359772295326
NO4,10.347607307830076,23.376081924379477,66.61796645442564,547547358.3841574,116751478644.5542,23.42340175549723,27.203267285841545,22875.854397113075,274.9418507905033,23150.796247903578,OW-BA+,BA_OW_UPRATE_TrueHYD_FalseFF_BALOAD_22.91TWH_NoneNUKE_3000NO2-500NO2-1500NO5OFF,BA,OW,True,False,B23-BA,-2.5425793069623985,-19.724922399840157,4.7362788101274305,7.653764773436705,0.0,0.0,-0.02233781018651726,-0.08204706601645419,119.95395816283053,0.5271334284689995,-146.6170323130591,-34.77972785999634,-26.663074150230386,-0.11503881327001164
NO4,10.125239644640612,24.28100730644753,77.92997088012318,568742686.9987515,156061570865.97888,23.423356363297525,27.1673730329622,22854.613676298773,293.93264627935446,23148.546322578128,N-LLPS+,LLPS_N_UPRATE_TrueHYD_FalseFF_LLPSLOAD_22.91TWH_900p8407111111112NO2-2005p0970666666665NO1NUKE_NoneOFF,LLPS,N,True,False,B23-LLPS,-3.3737126074202397,-24.992403443053764,-3.206144820542292,-3.951563114471347,0.0,0.0,-0.051450159466792655,-0.18902418779480404,171.01076918025137,0.753895974464379,-194.05435483332082,-39.76629590354889,-23.043585653071204,-0.09944758104356696
NO4,10.34382090502213,24.805535809584082,79.67401846383338,581028905.050426,163103010024.06683,23.423356363297525,27.179816783930512,22842.3274582471,305.74104034947925,23148.068498596578,OWN-LLPS+,LLPS_OWN_UPRATE_TrueHYD_FalseFF_LLPSLOAD_22.91TWH_1781p3768888888892NO1NUKE_1400NO2-500NO2OFF,LLPS,OWN,True,False,B23-LLPS,-3.155131347038722,-23.373157324540028,-1.4620972368320935,-1.8020301122451952,0.0,0.0,-0.03900640849848003,-0.14330674115745676,158.72455112857642,0.6997325415124677,-182.24596076319602,-37.34647856349677,-23.521409634620795,-0.10150969237663458
NO4,11.216122803308963,26.921788982440525,86.45472475787435,630598657.2732015,192052833970.69333,23.423356363297525,27.208262813713038,22792.757706024327,352.82801227739265,23145.58571830172,OW-LLPS+,LLPS_OW_UPRATE_TrueHYD_FalseFF_LLPSLOAD_22.91TWH_NoneNUKE_3000NO2-500NO2-1500NO5OFF,LLPS,OW,True,False,B23-LLPS,-2.2828294487518885,-16.911160259888874,5.3186090572088744,6.555168449067438,0.0,0.0,-0.0105603787159545,-0.038798072353443645,109.15479890580536,0.4812057385802263,-135.15898883528263,-27.697251879066894,-26.004189929477434,-0.11222445258380831
NO5,35.463190778186515,79.34626523159864,92.98242812890291,1574931410.9421644,296572684991.7546,19.84884110607096,23.70997380720926,18273.9096951288,1563.0522619688802,19836.961957097683,B23-BA,BASELINE_23TWh_BA_FalseHYD_FalseFF_BALOAD_22.91TWH_NoneNUKE_NoneOFF,BA,BASELINE_23TWh,False,True,B23-BA,0.0,0.0,0.0,0.0,0.0,0.0,0.0,0.0,0.0,0.0,0.0,0.0,0.0,0.0
NO5,38.896027758655286,91.62459442900501,138.41443549923102,1818638168.6760166,546906313064.8191,19.848799113486734,23.71352607740793,18030.16094481072,1759.9660374863495,19790.126982297068,B23-LLPS,BASELINE_23TWh_LLPS_FalseHYD_FalseFF_LLPSLOAD_22.91TWH_NoneNUKE_NoneOFF,LLPS,BASELINE_23TWh,False,True,B23-LLPS,0.0,0.0,0.0,0.0,0.0,0.0,0.0,0.0,0.0,0.0,0.0,0.0,0.0,0.0
NO5,21.191322250295777,48.1129432877091,35.335404893645055,954986166.4631416,70730276437.35172,19.84884110607096,23.57111988848688,18893.854939607823,857.0995694023003,19750.954509010124,N-BA,BA_N_FalseHYD_FalseFF_BALOAD_22.91TWH_900p8407111111112NO2-2005p0970666666665NO1NUKE_NoneOFF,BA,N,False,False,B23-BA,-14.271868527890739,-40.24417491690961,-57.647023235257855,-61.99776064714178,0.0,0.0,-0.13885391872237918,-0.5856350574295415,619.9452444790222,3.3925156401767618,-705.9526925665799,-45.16500885756277,-86.00744808755917,-0.43357167429958005
NO5,21.314139304617846,48.284543956105864,36.42699082425809,958392240.8638444,72613468876.22392,19.84884110607096,23.573130174525495,18890.44886520712,861.907015333696,19752.355880540814,OWN-BA,BA_OWN_FalseHYD_FalseFF_BALOAD_22.91TWH_1781p3768888888892NO1NUKE_1400NO2-500NO2OFF,BA,OWN,False,False,B23-BA,-14.149051473568669,-39.897852288778765,-56.55543730464482,-60.82379051904429,0.0,0.0,-0.13684363268376387,-0.5771564059769445,616.5391700783184,3.373876638137632,-701.1452466351842,-44.85744102708344,-84.60607655686908,-0.4265072279709492
NO5,24.185523541276776,55.36184295397757,84.79405160321767,1098868424.132755,203549167708.11932,19.84884110607096,23.60573684295301,18749.97268193821,980.2918991776673,19730.264581115876,OW-BA,BA_OW_FalseHYD_FalseFF_BALOAD_22.91TWH_NoneNUKE_3000NO2-500NO2-1500NO5OFF,BA,OW,False,False,B23-BA,-11.277667236909739,-31.80105058072399,-8.188376525685243,-8.806369859833705,0.0,0.0,-0.1042369642562484,-0.4396334011324554,476.06298680940745,2.6051512497969145,-582.7603627912129,-37.28348545794276,-106.69737598180654,-0.5378715562018312
NO5,21.932121293280925,51.59750872038802,44.907839592934614,1024148585.3473619,92872867748.28072,19.848799113486734,23.57866785248391,18824.65052813937,928.3075989139868,19752.958127053356,N-LLPS,LLPS_N_FalseHYD_FalseFF_LLPSLOAD_22.91TWH_900p8407111111112NO2-2005p0970666666665NO1NUKE_NoneOFF,LLPS,N,False,False,B23-LLPS,-16.96390646537436,-43.613467602998334,-93.50659590629641,-67.55552307029124,0.0,0.0,-0.13485822492402022,-0.56869747874611,794.48958332865,4.406447539545192,-831.6584385723627,-47.25423223280882,-37.16885524371173,-0.1878151427576009
NO5,22.133532336314634,52.0224562687826,49.329588969288906,1032583283.8692145,102017752187.09384,19.848799113486734,23.581073972602265,18816.21582961752,934.3864702419766,19750.602299859496,OWN-LLPS,LLPS_OWN_FalseHYD_FalseFF_LLPSLOAD_22.91TWH_1781p3768888888892NO1NUKE_1400NO2-500NO2OFF,LLPS,OWN,False,False,B23-LLPS,-16.762495422340653,-43.09564854886911,-89.08484652994211,-64.36095065419462,0.0,0.0,-0.13245210480566527,-0.5585508640651019,786.0548848067992,4.359666490015634,-825.5795672443729,-46.90883515135878,-39.524682437571755,-0.1997191957026244
NO5,27.153280818644173,65.63892177169907,121.55602810411072,1302853772.2723258,378801151871.2611,19.848799113486734,23.609738342921666,18545.94534121441,1165.1607631648553,19711.106104379265,OW-LLPS,LLPS_OW_FalseHYD_FalseFF_LLPSLOAD_22.91TWH_NoneNUKE_3000NO2-500NO2-1500NO5OFF,LLPS,OW,False,False,B23-LLPS,-11.742746940011113,-30.190092964950836,-16.858407395120295,-12.179659826892806,0.0,0.0,-0.10378773448626433,-0.43767314125900386,515.7843964036911,2.860675498030646,-594.8052743214942,-33.79640638810381,-79.02087791780286,-0.39929444610683745
NO5,20.617864207778723,46.658373413591214,34.42421501612729,926114640.1540979,66732406986.60464,19.84884110607096,23.648509801858626,18922.726465916865,810.8574544866294,19733.583920403493,N-BA+,BA_N_UPRATE_TrueHYD_FalseFF_BALOAD_22.91TWH_900p8407111111112NO2-2005p0970666666665NO1NUKE_NoneOFF,BA,N,True,False,B23-BA,-14.845326570407792,-41.861226372047675,-58.55821311277562,-62.97771986723718,0.0,0.0,-0.06146400535063279,-0.25923270034125484,648.8167707880639,3.550508794300413,-752.1948074822508,-48.12345855504265,-103.37803669419009,-0.5211384531450459
NO5,20.757537621622568,46.86455233817618,36.457322491468844,930207052.8676054,69975553596.84444,19.84884110607096,23.64873002841722,18918.634053203357,815.779755805573,19734.41380900893,OWN-BA+,BA_OWN_UPRATE_TrueHYD_FalseFF_BALOAD_22.91TWH_1781p3768888888892NO1NUKE_1400NO2-500NO2OFF,BA,OWN,True,False,B23-BA,-14.705653156563947,-41.46737175609541,-56.525105637434066,-60.79116965957533,0.0,0.0,-0.061243778792039905,-0.25830386524264365,644.7243580745562,3.5281139549814986,-747.2725061633072,-47.80854257694584,-102.5481480887538,-0.5169549062529809
NO5,23.71755975987099,54.02594911342445,84.19166080161122,1072352479.5570374,198628125587.21765,19.84884110607096,23.67755603997429,18776.488626513925,935.3707920682416,19711.859418582168,OW-BA+,BA_OW_UPRATE_TrueHYD_FalseFF_BALOAD_22.91TWH_NoneNUKE_3000NO2-500NO2-1500NO5OFF,BA,OW,True,False,B23-BA,-11.745631018315525,-33.12062665703586,-8.79076732729169,-9.454224313334686,0.0,0.0,-0.0324177672349677,-0.13672628868577977,502.5789313851237,2.7502539947381597,-627.6814699006386,-40.15742052732051,-125.10253851551533,-0.6306537199903917
NO5,21.54258787666754,50.47171015147599,44.75827816467637,1001802835.710776,90325870378.49971,19.848799113486734,23.646854872481754,18846.996277775957,889.6788630277847,19736.67514080374,N-LLPS+,LLPS_N_UPRATE_TrueHYD_FalseFF_LLPSLOAD_22.91TWH_900p8407111111112NO2-2005p0970666666665NO1NUKE_NoneOFF,LLPS,N,True,False,B23-LLPS,-17.353439881987747,-44.614941118572695,-93.65615733455465,-67.66357641582475,0.0,0.0,-0.06667120492617684,-0.2811526413597978,816.8353329652382,4.530382925951265,-870.2871744585648,-49.4490891256937,-53.451841493326356,-0.27009347409008955
NO5,21.670483279164856,50.7599783308548,49.69442266008601,1007524612.8940767,100159244410.11539,19.848799113486734,23.650943443947096,18841.27450059266,894.1978182706912,19735.47231886335,OWN-LLPS+,LLPS_OWN_UPRATE_TrueHYD_FalseFF_LLPSLOAD_22.91TWH_1781p3768888888892NO1NUKE_1400NO2-500NO2OFF,LLPS,OWN,True,False,B23-LLPS,-17.22554447949043,-44.286127587044774,-88.720012839145,-64.09736998828991,0.0,0.0,-0.06258263346083481,-0.2639111250538898,811.1135557819398,4.4986484494770265,-865.7682192156583,-49.19232535033355,-54.65466343371736,-0.27617136303676976
NO5,26.393790311039055,63.49038006281353,118.06621129431731,1260207799.5057092,356695992685.2514,19.848799113486734,23.68600379491454,18588.591313981025,1106.003353956738,19694.594667937763,OW-LLPS+,LLPS_OW_UPRATE_TrueHYD_FalseFF_LLPSLOAD_22.91TWH_NoneNUKE_3000NO2-500NO2-1500NO5OFF,LLPS,OW,True,False,B23-LLPS,-12.502237447616231,-32.142710112176395,-20.348224204913706,-14.700940788091971,0.0,0.0,-0.027522282493389838,-0.11606153552849545,558.4303691703062,3.0972012445126214,-653.9626835296115,-37.157687682634254,-95.53231435930502,-0.4827271418963702
SE1,9.113025605812286,19.722643271611307,20.38586265985362,212176101.37794212,8655517736.087244,10.757995186342367,27.28766365827304,10545.819084964423,203.46436991617256,10749.283454880597,B23-BA,BASELINE_23TWh_BA_FalseHYD_FalseFF_BALOAD_22.91TWH_NoneNUKE_NoneOFF,BA,BASELINE_23TWh,False,True,B23-BA,0.0,0.0,0.0,0.0,0.0,0.0,0.0,0.0,0.0,0.0,0.0,0.0,0.0,0.0
SE1,9.041635894589303,19.665379111960103,20.35639541016535,211560053.82406452,8618337197.89384,10.757995186342367,27.282548604260263,10546.435132518303,202.8387838944116,10749.273916412714,B23-LLPS,BASELINE_23TWh_LLPS_FalseHYD_FalseFF_LLPSLOAD_22.91TWH_NoneNUKE_NoneOFF,LLPS,BASELINE_23TWh,False,True,B23-LLPS,0.0,0.0,0.0,0.0,0.0,0.0,0.0,0.0,0.0,0.0,0.0,0.0,0.0,0.0
SE1,6.859727390084907,14.92377494448425,16.579851580223103,160549899.01481837,5353291761.889673,10.757995186342367,27.29919703895953,10597.445287327548,78.9362016290915,10676.381488956638,N-BA,BA_N_FalseHYD_FalseFF_BALOAD_22.91TWH_900p8407111111112NO2-2005p0970666666665NO1NUKE_NoneOFF,BA,N,False,False,B23-BA,-2.253298215727379,-24.72612624165377,-3.8060110796305153,-18.669855395061532,0.0,0.0,0.011533380686490347,0.04226591485047739,51.62620236312432,0.4895418928315371,-124.52816828708106,-61.2039190637588,-72.90196592395841,-0.6782030284154248
SE1,7.042147494030843,15.346725274246113,16.899149800362956,165099996.62645844,5606026154.158992,10.757995186342367,27.290824720538808,10592.895189715908,88.72017511170263,10681.61536482761,OWN-BA,BA_OWN_FalseHYD_FalseFF_BALOAD_22.91TWH_1781p3768888888892NO1NUKE_1400NO2-500NO2OFF,BA,OWN,False,False,B23-BA,-2.070878111781443,-22.724374991996484,-3.4867128594906625,-17.103582603630173,0.0,0.0,0.0031610622657680665,0.011584217342145741,47.07610475148431,0.44639590696755366,-114.74419480446993,-56.39522775006976,-67.66809005298637,-0.6295125655307043
SE1,7.248855372561079,15.732035428341973,17.526360583908872,169245161.40947053,5967139922.924451,10.757995186342367,27.2885778198318,10588.750024932895,97.00679998182727,10685.756824914723,OW-BA,BA_OW_FalseHYD_FalseFF_BALOAD_22.91TWH_NoneNUKE_3000NO2-500NO2-1500NO5OFF,BA,OW,False,False,B23-BA,-1.8641702332512073,-20.456106609228005,-2.8595020759447465,-14.026887768532035,0.0,0.0,0.0009141615587608953,0.0033500909796055074,42.93093996847165,0.40708966864110085,-106.45756993434529,-52.32246313111523,-63.526629965874235,-0.5909847873351097
SE1,6.758861025205066,14.75714290986262,16.495024397382522,158757272.38846844,5269901804.632676,10.757995186342367,27.284554304636625,10599.237913953897,74.87280855003901,10674.110722503936,N-LLPS,LLPS_N_FalseHYD_FalseFF_LLPSLOAD_22.91TWH_900p8407111111112NO2-2005p0970666666665NO1NUKE_NoneOFF,LLPS,N,False,False,B23-LLPS,-2.2827748693842373,-25.24736558735235,-3.861371012782829,-18.968834781302096,0.0,0.0,0.0020057003763618297,0.007351587292869819,52.802781435593715,0.5006694752503099,-127.96597534437258,-63.087528374744004,-75.16319390877834,-0.6992397299878471
SE1,6.979544476865851,15.265187161297051,17.15855247604297,164222809.99984896,5674217014.0049925,10.757995186342367,27.273610023878256,10593.772376342518,88.07375403498547,10681.846130377504,OWN-LLPS,LLPS_OWN_FalseHYD_FalseFF_LLPSLOAD_22.91TWH_1781p3768888888892NO1NUKE_1400NO2-500NO2OFF,LLPS,OWN,False,False,B23-LLPS,-2.062091417723452,-22.80661864472389,-3.197842934122381,-15.709278925312471,0.0,0.0,-0.008938580382007899,-0.03276299627158773,47.337243824214966,0.44884592025089015,-114.76502985942612,-56.579431041731866,-67.42778603521037,-0.6272775869285189
SE1,7.208598589745368,15.728826231231986,17.82430548925983,169210636.88240924,6079362882.977062,10.757995186342367,27.276225777960427,10588.784549459957,97.27396824261508,10686.058517702571,OW-LLPS,LLPS_OW_FalseHYD_FalseFF_LLPSLOAD_22.91TWH_NoneNUKE_3000NO2-500NO2-1500NO5OFF,LLPS,OW,False,False,B23-LLPS,-1.833037304843935,-20.273292645425606,-2.53208992090552,-12.43879316492876,0.0,0.0,-0.006322826299836493,-0.023175350629996355,42.349416941653544,0.4015519595913093,-105.56481565179651,-52.043703686741004,-63.215398710142836,-0.5880899417180291
SE1,6.876554528906112,14.978647109932895,16.42302919198658,161140213.50657907,5315264616.406141,10.757995186342367,27.30028204153393,10596.854972835787,78.89325741523322,10675.74823025102,N-BA+,BA_N_UPRATE_TrueHYD_FalseFF_BALOAD_22.91TWH_900p8407111111112NO2-2005p0970666666665NO1NUKE_NoneOFF,BA,N,True,False,B23-BA,-2.2364710769061737,-24.541476932532184,-3.962833467867039,-19.439125701906864,0.0,0.0,0.012618383260889487,0.04624208000696264,51.03588787136323,0.4839442764965221,-124.57111250093934,-61.22502556701339,-73.53522462957699,-0.6840941997504876
SE1,6.96625113539208,15.172272611508715,17.859897445302447,163223235.72048488,5908009021.071594,10.757995186342367,27.293947913987477,10594.771950621882,83.63827083033003,10678.410221452212,OWN-BA+,BA_OWN_UPRATE_TrueHYD_FalseFF_BALOAD_22.91TWH_1781p3768888888892NO1NUKE_1400NO2-500NO2OFF,BA,OWN,True,False,B23-BA,-2.1467744704202056,-23.557208805064622,-2.525965214551171,-12.39076931252763,0.0,0.0,0.006284255714437137,0.023029658358207902,48.95286565745846,0.46419216243954375,-119.82609908584253,-58.89291532232939,-70.87323342838499,-0.659329840224892
SE1,7.26514011833841,15.793482962788055,17.814019147594742,169906213.68925408,6097345318.387823,10.757995186342367,27.28561465602185,10588.088972653113,98.3381069709567,10686.42707962407,OW-BA+,BA_OW_UPRATE_TrueHYD_FalseFF_BALOAD_22.91TWH_NoneNUKE_3000NO2-500NO2-1500NO5OFF,BA,OW,True,False,B23-BA,-1.8478854874738762,-20.277409143844555,-2.5718435122588765,-12.615818889644888,0.0,0.0,-0.002049002251190757,-0.007508895876358924,42.26988768868978,0.4008212861242383,-105.12626294521586,-51.66814366000688,-62.85637525652601,-0.5847494441872472
SE1,6.739966089215618,14.69285979666729,16.327398089508833,158065714.96615,5190346006.85378,10.757995186342367,27.269483444721974,10599.929471376217,73.09615661272838,10673.025627988945,N-LLPS+,LLPS_N_UPRATE_TrueHYD_FalseFF_LLPSLOAD_22.91TWH_900p8407111111112NO2-2005p0970666666665NO1NUKE_NoneOFF,LLPS,N,True,False,B23-LLPS,-2.3016698053736855,-25.45634254915143,-4.028997320656519,-19.792292493220888,0.0,0.0,-0.01306515953828935,-0.04788833964085445,53.494338857914045,0.5072267376203028,-129.7426272816832,-63.96342198009882,-76.24828842376883,-0.7093343142679415
SE1,6.865143006651052,14.972677219888292,17.013436921943804,161075989.45821625,5525716196.864432,10.757995186342367,27.27345916791373,10596.919196884151,80.3784870180405,10677.297683902192,OWN-LLPS+,LLPS_OWN_UPRATE_TrueHYD_FalseFF_LLPSLOAD_22.91TWH_1781p3768888888892NO1NUKE_1400NO2-500NO2OFF,LLPS,OWN,True,False,B23-LLPS,-2.1764928879382515,-24.071892667572563,-3.342958488221548,-16.4221534356332,0.0,0.0,-0.009089436346531699,-0.033315935686127035,50.4840643658481,0.4786836853543837,-122.46029687637109,-60.3732158738036,-71.9762325105221,-0.6695915749306932
SE1,7.161910924567697,15.560625091477892,17.620704691161286,167401129.8305974,5945107903.9563465,10.757995186342367,27.271728918280445,10590.59405651177,93.5663264380684,10684.16038294984,OW-LLPS+,LLPS_OW_UPRATE_TrueHYD_FalseFF_LLPSLOAD_22.91TWH_NoneNUKE_3000NO2-500NO2-1500NO5OFF,LLPS,OW,True,False,B23-LLPS,-1.8797249700216065,-20.789655676651076,-2.735690719004065,-13.438974159629195,0.0,0.0,-0.010819685979818416,-0.039657900501747424,44.1589239934674,0.4187094827645616,-109.27245745634319,-53.87157986178093,-65.11353346287433,-0.6057482018711479
SE2,9.76937169982634,21.04245632375507,21.301078887184183,316700433.3953006,13493128495.89866,15.0505448851888,52.021156422150405,14733.8444517935,364.8660628991112,15098.710514692611,B23-BA,BASELINE_23TWh_BA_FalseHYD_FalseFF_BALOAD_22.91TWH_NoneNUKE_NoneOFF,BA,BASELINE_23TWh,False,True,B23-BA,0.0,0.0,0.0,0.0,0.0,0.0,0.0,0.0,0.0,0.0,0.0,0.0,0.0,0.0
SE2,9.665607618936411,20.93055582256034,21.140874452770486,315016269.87939423,13320104568.8926,15.0505448851888,52.019065912876336,14735.528615309408,357.8670466437464,15093.395661953155,B23-LLPS,BASELINE_23TWh_LLPS_FalseHYD_FalseFF_LLPSLOAD_22.91TWH_NoneNUKE_NoneOFF,LLPS,BASELINE_23TWh,False,True,B23-LLPS,0.0,0.0,0.0,0.0,0.0,0.0,0.0,0.0,0.0,0.0,0.0,0.0,0.0,0.0
SE2,7.1907201740498055,15.602655694184875,16.9877437163057,234828469.8534761,8007285727.548184,15.0505448851888,52.1195139221998,14815.716415335326,119.65190187555027,14935.368317210876,N-BA,BA_N_FalseHYD_FalseFF_BALOAD_22.91TWH_900p8407111111112NO2-2005p0970666666665NO1NUKE_NoneOFF,BA,N,False,False,B23-BA,-2.578651525776535,-26.395264762240263,-4.3133351708784815,-20.24937419237297,0.0,0.0,0.0983575000493957,0.18907211375930785,81.87196354182561,0.55567278322841,-245.21416102356096,-67.20662345935004,-163.34219748173564,-1.0818287914241864
SE2,7.371036544962984,16.014780873139465,17.257925882576163,241031178.35764864,8342655678.2363825,15.0505448851888,52.11236376770356,14809.513706831154,139.19122624774826,14948.704933078903,OWN-BA,BA_OWN_FalseHYD_FalseFF_BALOAD_22.91TWH_1781p3768888888892NO1NUKE_1400NO2-500NO2OFF,BA,OWN,False,False,B23-BA,-2.3983351548633562,-24.549533261243287,-4.043153004608019,-18.980977564664983,0.0,0.0,0.09120734555315835,0.175327408743114,75.66925503765378,0.5135744121992738,-225.67483665136297,-61.851418807828146,-150.00558161370827,-0.9934992890137028
SE2,7.617916999990983,16.43521890239374,17.917735426672078,247358999.78838044,8897305146.241251,15.0505448851888,52.1248148239381,14803.18588540042,161.27221053005158,14964.458095930471,OW-BA,BA_OW_FalseHYD_FalseFF_BALOAD_22.91TWH_NoneNUKE_3000NO2-500NO2-1500NO5OFF,BA,OW,False,False,B23-BA,-2.151454699835358,-22.022446948902576,-3.383343460512105,-15.88343707110393,0.0,0.0,0.10365840178769758,0.19926200976101377,69.34143360691996,0.47062688786889745,-203.59385236905965,-55.79961335712255,-134.25241876214022,-0.8891647974275597
SE2,7.118698528032671,15.536780421278904,17.151346942108017,233837011.10178074,8060473548.050013,15.0505448851888,52.11956945748582,14816.707874087022,114.11144892514092,14930.819323012163,N-LLPS,LLPS_N_FalseHYD_FalseFF_LLPSLOAD_22.91TWH_900p8407111111112NO2-2005p0970666666665NO1NUKE_NoneOFF,LLPS,N,False,False,B23-LLPS,-2.54690909090374,-26.350222265529933,-3.9895275106624695,-18.87115653411227,0.0,0.0,0.10050354460948085,0.19320520821694168,81.17925877761445,0.5509083582741215,-243.7555977186055,-68.11345163089635,-162.57633894099126,-1.0771356067396245
SE2,7.327881545539461,16.011141213973175,17.669158692034173,240976399.50399962,8557074766.10495,15.0505448851888,52.113152827381036,14809.568485684804,135.8706881600551,14945.43917384486,OWN-LLPS,LLPS_OWN_FalseHYD_FalseFF_LLPSLOAD_22.91TWH_1781p3768888888892NO1NUKE_1400NO2-500NO2OFF,LLPS,OWN,False,False,B23-LLPS,-2.33772607339695,-24.186022913003267,-3.4717157607363127,-16.421817217127217,0.0,0.0,0.0940869145047003,0.18087005764824945,74.03987037539628,0.5024581900541587,-221.9963584836913,-62.03319377005583,-147.95648810829516,-0.9802730374401973
SE2,7.581754957980435,16.48352813814608,18.303950758787657,248086080.1094402,9131787368.935741,15.0505448851888,52.11578468716587,14802.458805079363,161.26929031436222,14963.728095393724,OW-LLPS,LLPS_OW_FalseHYD_FalseFF_LLPSLOAD_22.91TWH_NoneNUKE_3000NO2-500NO2-1500NO5OFF,LLPS,OW,False,False,B23-LLPS,-2.0838526609559764,-21.559458474947697,-2.836923693982829,-13.41914072816914,0.0,0.0,0.09671877428953479,0.1859294714201969,66.93018976995518,0.454209628424313,-196.59775632938417,-54.935976411679945,-129.66756655943027,-0.8591013544174902
SE2,7.208109118515188,15.659073914917307,16.763315784154482,235677594.81695208,7919827773.830901,15.0505448851888,52.12752944986104,14814.86729037185,122.9602572374454,14937.827547609297,N-BA+,BA_N_UPRATE_TrueHYD_FalseFF_BALOAD_22.91TWH_900p8407111111112NO2-2005p0970666666665NO1NUKE_NoneOFF,BA,N,True,False,B23-BA,-2.5612625813111523,-26.21727026065229,-4.5377631030297,-21.30297308912297,0.0,0.0,0.10637302771063872,0.20448032113593212,81.02283857835027,0.5499096915502433,-241.90580566166582,-66.29989200408451,-160.88296708331472,-1.0655411064856095
SE2,7.297104639311173,15.819156724455729,18.152287401713213,238086928.32725722,8725572321.552042,15.0505448851888,52.12643862708848,14812.457956861546,131.53873996134337,14943.99669682289,OWN-BA+,BA_OWN_UPRATE_TrueHYD_FalseFF_BALOAD_22.91TWH_1781p3768888888892NO1NUKE_1400NO2-500NO2OFF,BA,OWN,True,False,B23-BA,-2.4722670605151675,-25.306305630270106,-3.1487914854709693,-14.782309863963947,0.0,0.0,0.10528220493807794,0.20238343816065033,78.61350506804592,0.5335573164577326,-233.32732293776786,-63.94876001451661,-154.71381786972233,-1.024682324488371
SE2,7.6269754087008605,16.48795443772979,18.129250265204234,248152698.3300001,9038188684.359594,15.0505448851888,52.1136300430984,14802.3921868588,162.8737000481209,14965.265886906922,OW-BA+,BA_OW_UPRATE_TrueHYD_FalseFF_BALOAD_22.91TWH_NoneNUKE_3000NO2-500NO2-1500NO5OFF,BA,OW,True,False,B23-BA,-2.14239629112548,-21.92972441783091,-3.171828621979948,-14.890459956412267,0.0,0.0,0.09247362094799172,0.17776156338696233,68.5477350653,0.46523998057381366,-201.99236285099033,-55.360688041530196,-133.4446277856896,-0.8838147314357351
SE2,7.043605775834214,15.326242329854582,16.701878665597235,230668298.106757,7733669133.774665,15.0505448851888,52.13328439318106,14819.876587082044,105.25071820229772,14925.127305284343,N-LLPS+,LLPS_N_UPRATE_TrueHYD_FalseFF_LLPSLOAD_22.91TWH_900p8407111111112NO2-2005p0970666666665NO1NUKE_NoneOFF,LLPS,N,True,False,B23-LLPS,-2.622001843102197,-27.127128955300154,-4.438995787173251,-20.99721937751504,0.0,0.0,0.11421848030472148,0.21957041769265767,84.34797177263681,0.5724122559471934,-252.61632844144867,-70.58943560481725,-168.26835666881198,-1.1148475825951898
SE2,7.174542342236811,15.612906674944167,17.346020110150075,234982752.69951105,8197238161.188544,15.0505448851888,52.11876141674468,14815.56213248929,119.26467078884504,14934.826803278136,OWN-LLPS+,LLPS_OWN_UPRATE_TrueHYD_FalseFF_LLPSLOAD_22.91TWH_1781p3768888888892NO1NUKE_1400NO2-500NO2OFF,LLPS,OWN,True,False,B23-LLPS,-2.4910652766996,-25.772464338602163,-3.794854342620411,-17.95031871126362,0.0,0.0,0.09969550386834669,0.19165185325572898,80.03351717988335,0.5431329901306214,-238.60237585490137,-66.67346940508551,-158.56885867501842,-1.0505843895335802
SE2,7.4875553979339875,16.20564229852503,17.92132471515941,243903746.80726522,8786458766.088614,15.0505448851888,52.11268060364442,14806.641138381536,149.7129468865819,14956.354085268118,OW-LLPS+,LLPS_OW_UPRATE_TrueHYD_FalseFF_LLPSLOAD_22.91TWH_NoneNUKE_3000NO2-500NO2-1500NO5OFF,LLPS,OW,True,False,B23-LLPS,-2.1780522210024236,-22.5340434546017,-3.219549737611075,-15.229028225883802,0.0,0.0,0.09361469076808504,0.17996226792090955,71.11252307212817,0.48259227699674206,-208.1540997571645,-58.16520456670606,-137.0415766850365,-0.9079572268186513
SE3,28.047150774150335,65.29930934648961,47.483195448516106,5442199289.398504,543280053388.87463,83.3423713644694,80.05558354123207,77900.17207507089,2873.4091130056263,80773.58118807652,B23-BA,BASELINE_23TWh_BA_FalseHYD_FalseFF_BALOAD_22.91TWH_NoneNUKE_NoneOFF,BA,BASELINE_23TWh,False,True,B23-BA,0.0,0.0,0.0,0.0,0.0,0.0,0.0,0.0,0.0,0.0,0.0,0.0,0.0,0.0
SE3,27.99346915828986,65.55520770730469,50.63521222196751,5463526465.617114,571846178162.9475,83.3423713644694,80.22864476399663,77878.84489885229,2881.881630823971,80760.72652967626,B23-LLPS,BASELINE_23TWh_LLPS_FalseHYD_FalseFF_LLPSLOAD_22.91TWH_NoneNUKE_NoneOFF,LLPS,BASELINE_23TWh,False,True,B23-LLPS,0.0,0.0,0.0,0.0,0.0,0.0,0.0,0.0,0.0,0.0,0.0,0.0,0.0,0.0
SE3,22.584822754176678,54.26805765848632,41.965909518202366,4522828614.602004,392222504726.9532,83.3423713644694,79.41904659652427,78819.5427498674,2021.3297429323698,80840.87249279977,N-BA,BA_N_FalseHYD_FalseFF_BALOAD_22.91TWH_900p8407111111112NO2-2005p0970666666665NO1NUKE_NoneOFF,BA,N,False,False,B23-BA,-5.462328019973658,-19.475518436646382,-5.51728593031374,-11.619449529878175,0.0,0.0,-0.6365369447077995,-0.7951187369460065,919.3706747965043,1.1801908138412385,-852.0793700732565,-29.65395238069561,67.29130472324323,0.08330855675020697
SE3,22.642812286054284,54.33423138378013,42.349309246927284,4528343689.790011,395515616017.4043,83.3423713644694,79.43274995952385,78814.0276746794,2027.117936218167,80841.14561089757,OWN-BA,BA_OWN_FalseHYD_FalseFF_BALOAD_22.91TWH_1781p3768888888892NO1NUKE_1400NO2-500NO2OFF,BA,OWN,False,False,B23-BA,-5.404338488096052,-19.26876113589749,-5.1338862015888225,-10.812006549043787,0.0,0.0,-0.6228335817082211,-0.7780014262058749,913.8555996085051,1.1731111437441244,-846.2911767874593,-29.452512451393563,67.56442282104399,0.08364668475417007
SE3,23.284201778697096,55.604541795292874,45.44651974923277,4634214371.854459,429817546862.3097,83.3423713644694,79.59130070533851,78708.15699261494,2122.139769569695,80830.29676218463,OW-BA,BA_OW_FalseHYD_FalseFF_BALOAD_22.91TWH_NoneNUKE_3000NO2-500NO2-1500NO5OFF,BA,OW,False,False,B23-BA,-4.76294899545324,-16.98193529106355,-2.036675699283336,-4.289255767320065,0.0,0.0,-0.464282835893556,-0.5799505985168797,807.9849175440468,1.0372055619664193,-751.2693434359312,-26.145575304106032,56.71557410810783,0.07021550025874049
SE3,22.675394392020937,54.86247885359416,46.6830997067128,4572369086.591594,432480515530.75397,83.3423713644694,79.5664406377935,78770.0022778778,2055.814255802016,80825.81653367981,N-LLPS,LLPS_N_FalseHYD_FalseFF_LLPSLOAD_22.91TWH_900p8407111111112NO2-2005p0970666666665NO1NUKE_NoneOFF,LLPS,N,False,False,B23-LLPS,-5.318074766268921,-18.997555237608164,-3.9521125152547043,-7.8050675445577085,0.0,0.0,-0.6622041262031217,-0.8253961264721402,891.1573790255061,1.1442868473241046,-826.0673750219553,-28.664167403217416,65.09000400354853,0.08059611001596254
SE3,22.775047606739925,55.02501132237964,47.62949059701255,4585914927.963898,441407888770.5289,83.3423713644694,79.58729008196941,78756.45643650551,2068.743245945981,80825.1996824515,OWN-LLPS,LLPS_OWN_FalseHYD_FalseFF_LLPSLOAD_22.91TWH_1781p3768888888892NO1NUKE_1400NO2-500NO2OFF,LLPS,OWN,False,False,B23-LLPS,-5.218421551549934,-18.64156786728441,-3.0057216249549583,-5.936030467846959,0.0,0.0,-0.6413546820272131,-0.7994085951642887,877.6115376532252,1.1268933672463326,-813.1383848779901,-28.21553724416857,64.47315277523012,0.07983230902651535
SE3,23.41191363516798,56.23380411102009,49.045203020038194,4686658585.457462,464023042805.0053,83.3423713644694,79.75840474750923,78655.71277901193,2160.176175234938,80815.88895424687,OW-LLPS,LLPS_OW_FalseHYD_FalseFF_LLPSLOAD_22.91TWH_NoneNUKE_3000NO2-500NO2-1500NO5OFF,LLPS,OW,False,False,B23-LLPS,-4.581555523121878,-16.366515694126168,-1.5900092019293126,-3.1401254821629943,0.0,0.0,-0.470240016487395,-0.5861248409102128,776.8678801596398,0.9975339017529375,-721.7054555890331,-25.042855607594376,55.162424570604344,0.06830352690095527
SE3,22.479892412301165,54.01768172316711,41.70055176393901,4501961690.419905,388112585065.6092,83.3423713644694,79.37409188268764,78840.4096740495,2003.2529712035728,80843.66264525308,N-BA+,BA_N_UPRATE_TrueHYD_FalseFF_BALOAD_22.91TWH_900p8407111111112NO2-2005p0970666666665NO1NUKE_NoneOFF,BA,N,True,False,B23-BA,-5.56725836184917,-19.84963965387969,-5.782643684577096,-12.17829514200862,0.0,0.0,-0.6814916585444308,-0.8512731135029867,940.2375989786087,1.206977563634288,-870.1561418020535,-30.28305777494587,70.08145717655134,0.08676284516019019
SE3,22.552871620917553,54.13512999280988,42.677102562029305,4511750107.724587,396038563450.7654,83.3423713644694,79.39038746061281,78830.62125674481,2011.6751128122485,80842.29636955705,OWN-BA+,BA_OWN_UPRATE_TrueHYD_FalseFF_BALOAD_22.91TWH_1781p3768888888892NO1NUKE_1400NO2-500NO2OFF,BA,OWN,True,False,B23-BA,-5.494279153232782,-19.589437791651143,-4.806092886486802,-10.12167113247008,0.0,0.0,-0.6651960806192534,-0.8309177838628192,930.4491816739173,1.194412228996441,-861.7340001933778,-29.989951528064584,68.71518148052564,0.08507135683451547
SE3,23.235489013371357,55.46351908300303,44.823552566373245,4622461204.595974,423825362722.15735,83.3423713644694,79.53934032191876,78719.91015987343,2112.6673709089264,80832.57753078235,OW-BA+,BA_OW_UPRATE_TrueHYD_FalseFF_BALOAD_22.91TWH_NoneNUKE_3000NO2-500NO2-1500NO5OFF,BA,OW,True,False,B23-BA,-4.8116617607789784,-17.155616980579886,-2.6596428821428617,-5.601229776177538,0.0,0.0,-0.51624321931331,-0.6448559819034015,819.738084802535,1.052293034747817,-760.7417420966999,-26.47523245657676,58.996342705824645,0.07303915691004852
SE3,22.65698429060927,54.76859318213306,46.61732243782267,4564544432.09488,431111214223.5683,83.3423713644694,79.50353508059753,78777.82693237453,2050.023431098398,80827.85036347293,N-LLPS+,LLPS_N_UPRATE_TrueHYD_FalseFF_LLPSLOAD_22.91TWH_900p8407111111112NO2-2005p0970666666665NO1NUKE_NoneOFF,LLPS,N,True,False,B23-LLPS,-5.336484867680589,-19.063320939270817,-4.017889784144835,-7.934971747588962,0.0,0.0,-0.7251096833990971,-0.9038039786563826,898.9820335222466,1.1543340616952256,-831.8581997255733,-28.86510642311611,67.12383379666426,0.08311445015542177
SE3,22.623671397178732,54.600903953466485,45.442866781799616,4550568814.125529,420571679889.7006,83.3423713644694,79.52917393096166,78791.80255034385,2039.0826268925405,80830.8851772364,OWN-LLPS+,LLPS_OWN_UPRATE_TrueHYD_FalseFF_LLPSLOAD_22.91TWH_1781p3768888888892NO1NUKE_1400NO2-500NO2OFF,LLPS,OWN,True,False,B23-LLPS,-5.369797761111126,-19.182323315297058,-5.192345440167891,-10.254416269465642,0.0,0.0,-0.6994708330349653,-0.8718467513598828,912.957651491568,1.1722793945869405,-842.7990039314307,-29.24474742185932,70.15864756013616,0.08687223428377124
SE3,23.358980289598694,56.113623862919326,49.20395503841126,4676642478.589574,464197670940.6393,83.3423713644694,79.70951020241412,78665.72888587984,2151.276441489254,80817.0053273691,OW-LLPS+,LLPS_OW_UPRATE_TrueHYD_FalseFF_LLPSLOAD_22.91TWH_NoneNUKE_3000NO2-500NO2-1500NO5OFF,LLPS,OW,True,False,B23-LLPS,-4.6344888686911645,-16.555607461459374,-1.431257183556248,-2.8266044927038214,0.0,0.0,-0.5191345615825043,-0.6470688406984919,786.8839870275551,1.010395041233016,-730.6051893347171,-25.351672376836195,56.27879769283754,0.06968584869299979
SE4,28.072188250733213,64.63564049376804,47.24782248382787,1406639151.8106349,139500893954.095,21.76259322356771,13.422148346348507,20355.95407175707,536.4126796848947,20892.366751441965,B23-BA,BASELINE_23TWh_BA_FalseHYD_FalseFF_BALOAD_22.91TWH_NoneNUKE_NoneOFF,BA,BASELINE_23TWh,False,True,B23-BA,0.0,0.0,0.0,0.0,0.0,0.0,0.0,0.0,0.0,0.0,0.0,0.0,0.0,0.0
SE4,28.017069361320708,64.860473256665,50.300426683120975,1411532095.7728925,146614893386.3389,21.76259322356771,13.49826818596388,20351.061127794816,540.9096604493876,20891.9707882442,B23-LLPS,BASELINE_23TWh_LLPS_FalseHYD_FalseFF_LLPSLOAD_22.91TWH_NoneNUKE_NoneOFF,LLPS,BASELINE_23TWh,False,True,B23-LLPS,0.0,0.0,0.0,0.0,0.0,0.0,0.0,0.0,0.0,0.0,0.0,0.0,0.0,0.0
SE4,22.662902326089693,53.76053619285663,41.93628467773677,1169968680.646028,101170971101.29282,21.76259322356771,13.061939180992734,20592.62454292168,412.52060831928424,21005.145151240962,N-BA,BA_N_FalseHYD_FalseFF_BALOAD_22.91TWH_900p8407111111112NO2-2005p0970666666665NO1NUKE_NoneOFF,BA,N,False,False,B23-BA,-5.40928592464352,-19.269199381000288,-5.311537806091096,-11.241867935626336,0.0,0.0,-0.36020916535577285,-2.683692327493666,236.6704711646089,1.1626596834042677,-123.89207136561043,-23.096409920509046,112.77839979899727,0.5398067205153454
SE4,22.721409707442774,53.8315461393971,42.2921974135369,1171514041.2274158,101989638455.20366,21.76259322356771,13.060758493519998,20591.07918234029,412.6337282554149,21003.712910595706,OWN-BA,BA_OWN_FalseHYD_FalseFF_BALOAD_22.91TWH_1781p3768888888892NO1NUKE_1400NO2-500NO2OFF,BA,OWN,False,False,B23-BA,-5.3507785432904384,-19.060781779812558,-4.955625070290971,-10.488578752993744,0.0,0.0,-0.3613898528285091,-2.6924888885379152,235.1251105832198,1.155067995115222,-123.77895142947978,-23.07532169116348,111.34615915374161,0.5329513907085546
SE4,23.360953626496435,55.087837523667105,45.210227262605585,1198854199.5935566,110524256584.28459,21.76259322356771,13.145157965851066,20563.739023974154,425.44340106968764,20989.18242504384,OW-BA,BA_OW_FalseHYD_FalseFF_BALOAD_22.91TWH_NoneNUKE_3000NO2-500NO2-1500NO5OFF,BA,OW,False,False,B23-BA,-4.711234624236777,-16.782569930627783,-2.0375952212222828,-4.312569583327819,0.0,0.0,-0.2769903804974412,-2.063681411871717,207.78495221708363,1.0207576195378407,-110.96927861520703,-20.687295960340425,96.81567360187546,0.46340213511326267
SE4,22.747907123923472,54.30798296424819,46.45783858387725,1181882542.043378,111156531458.91365,21.76259322356771,13.11825820170909,20580.71068152433,421.37611007833755,21002.08679160267,N-LLPS,LLPS_N_FalseHYD_FalseFF_LLPSLOAD_22.91TWH_900p8407111111112NO2-2005p0970666666665NO1NUKE_NoneOFF,LLPS,N,False,False,B23-LLPS,-5.269162237397236,-18.806971455307313,-3.842588099243727,-7.639275355358293,0.0,0.0,-0.3800099842547908,-2.8152499196151894,229.6495537295159,1.1284401942848474,-119.53355037105007,-22.098616296063494,110.11600335846742,0.5270733167041814
SE4,22.849467061743965,54.4780180891777,47.381397978427955,1185582947.3009377,113445163014.81544,21.76259322356771,13.125915381835345,20577.010276266774,422.75541214265724,20999.765688409432,OWN-LLPS,LLPS_OWN_FalseHYD_FalseFF_LLPSLOAD_22.91TWH_1781p3768888888892NO1NUKE_1400NO2-500NO2OFF,LLPS,OWN,False,False,B23-LLPS,-5.1676022995767426,-18.444478374711583,-2.9190287046930194,-5.803188754405817,0.0,0.0,-0.37235280412853555,-2.7585227897288713,225.94914847195832,1.1102573327902021,-118.15424830673038,-21.843619544263245,107.7949001652305,0.5159632916291751
SE4,23.48582559525919,55.68208457928064,48.70533785716418,1211786556.539177,119100241406.54662,21.76259322356771,13.219868345644018,20550.80666702853,434.10375292528704,20984.910419953816,OW-LLPS,LLPS_OW_FalseHYD_FalseFF_LLPSLOAD_22.91TWH_NoneNUKE_3000NO2-500NO2-1500NO5OFF,LLPS,OW,False,False,B23-LLPS,-4.531243766061518,-16.173153971332848,-1.5950888259567932,-3.1711238475280132,0.0,0.0,-0.278399840319862,-2.0624856202616786,199.74553923371423,0.9814993821668998,-106.80590752410058,-19.745609171662096,92.93963170961433,0.44485813546087744
SE4,22.560145308874688,53.520279025450385,41.679062275048,1164740061.6427195,100141976385.69257,21.76259322356771,13.051836279530702,20597.853161924988,409.2015245160019,21007.05468644099,N-BA+,BA_N_UPRATE_TrueHYD_FalseFF_BALOAD_22.91TWH_900p8407111111112NO2-2005p0970666666665NO1NUKE_NoneOFF,BA,N,True,False,B23-BA,-5.512042941858525,-19.635245007002815,-5.568760208779871,-11.78627906224877,0.0,0.0,-0.3703120668178048,-2.758962703005351,241.89909016791717,1.1883456275996456,-127.21115516889279,-23.715165578043482,114.68793499902677,0.5489465907021336
SE4,22.63475865076264,53.637387313343226,42.58981068274396,1167288641.6752398,102085306161.4827,21.76259322356771,13.056791018066603,20595.30458189247,410.26635808362,21005.57093997609,OWN-BA+,BA_OWN_UPRATE_TrueHYD_FalseFF_BALOAD_22.91TWH_1781p3768888888892NO1NUKE_1400NO2-500NO2OFF,BA,OWN,True,False,B23-BA,-5.437429599970571,-19.369454035449312,-4.658011801083909,-9.858680371308683,0.0,0.0,-0.36535732828190426,-2.7220480570928847,239.3505101353985,1.175825555960976,-126.14632160127468,-23.516655436888055,113.20418853412411,0.5418447315276567
SE4,23.31554887764456,54.954921213492725,44.60890906294206,1195961596.002454,109030551427.30011,21.76259322356771,13.12659172579779,20566.631627565253,423.5735819418582,20990.205209507112,OW-BA+,BA_OW_UPRATE_TrueHYD_FalseFF_BALOAD_22.91TWH_NoneNUKE_3000NO2-500NO2-1500NO5OFF,BA,OW,True,False,B23-BA,-4.756639373088653,-16.944312750412024,-2.6389134208858067,-5.5852593456324096,0.0,0.0,-0.29555662055071785,-2.2020068093728375,210.67755580818266,1.0349677301565927,-112.83909774303646,-21.035874433341437,97.83845806514728,0.4682976286465706
SE4,22.73249788349038,54.22571873050001,46.3756714545964,1180092258.9874682,110796223331.68483,21.76259322356771,13.10399188334375,20582.500964580242,419.7468500829056,21002.247814663147,N-LLPS+,LLPS_N_UPRATE_TrueHYD_FalseFF_LLPSLOAD_22.91TWH_900p8407111111112NO2-2005p0970666666665NO1NUKE_NoneOFF,LLPS,N,True,False,B23-LLPS,-5.284571477830326,-18.861970928072882,-3.9247552285245746,-7.802628103434324,0.0,0.0,-0.39427630262012947,-2.9209399101294795,231.43983678542645,1.1372371953093565,-121.162810366482,-22.399823709160597,110.27702641894575,0.5278440580675042
SE4,22.69870934331312,54.06613158200039,45.26338965874316,1176619228.7909617,108201894864.26245,21.76259322356771,13.10952864443041,20585.973994776745,416.6766551255913,21002.650649902334,OWN-LLPS+,LLPS_OWN_UPRATE_TrueHYD_FalseFF_LLPSLOAD_22.91TWH_1781p3768888888892NO1NUKE_1400NO2-500NO2OFF,LLPS,OWN,True,False,B23-LLPS,-5.3183600180075885,-18.98257076577007,-5.037037024377817,-10.013905162494508,0.0,0.0,-0.3887395415334698,-2.879921603111272,234.91286698192926,1.1543027928951228,-124.2330053237963,-22.96742217925699,110.67986165813272,0.5297722401584616
SE4,23.43356932115943,55.5652276642311,48.85717865969426,1209243447.0315928,119139717729.73708,21.76259322356771,13.20418921817941,20553.349776536117,432.4182666153839,20985.7680431515,OW-LLPS+,LLPS_OW_UPRATE_TrueHYD_FalseFF_LLPSLOAD_22.91TWH_NoneNUKE_3000NO2-500NO2-1500NO5OFF,LLPS,OW,True,False,B23-LLPS,-4.5835000401612795,-16.359669817889962,-1.4432480234267118,-2.8692560254384767,0.0,0.0,-0.2940789677844702,-2.1786422060443797,202.28864874130159,0.9939955831837306,-108.4913938340037,-20.057211354640824,93.79725490729834,0.448963172780605
SNII,48.80588197939441,48.80588197939441,,0.0,0.0,0.0,6.839740256014387,0.0,163.17046910037735,163.17046910037735,OWN-BA,BA_OWN_FalseHYD_FalseFF_BALOAD_22.91TWH_1781p3768888888892NO1NUKE_1400NO2-500NO2OFF,BA,OWN,False,False,,,,,,,,,,,,,,,
SNII,46.47461997660224,46.47461997660224,,0.0,0.0,0.0,14.65658617778688,0.0,286.7573886242613,286.7573886242613,OW-BA,BA_OW_FalseHYD_FalseFF_BALOAD_22.91TWH_NoneNUKE_3000NO2-500NO2-1500NO5OFF,BA,OW,False,False,,,,,,,,,,,,,,,
SNII,50.00101078116566,50.00101078116566,,0.0,0.0,0.0,6.839740256014387,0.0,170.85771267717578,170.85771267717578,OWN-LLPS,LLPS_OWN_FalseHYD_FalseFF_LLPSLOAD_22.91TWH_1781p3768888888892NO1NUKE_1400NO2-500NO2OFF,LLPS,OWN,False,False,,,,,,,,,,,,,,,
SNII,47.34672854508017,47.34672854508017,,0.0,0.0,0.0,14.65658617778688,0.0,299.45372531719727,299.45372531719727,OW-LLPS,LLPS_OW_FalseHYD_FalseFF_LLPSLOAD_22.91TWH_NoneNUKE_3000NO2-500NO2-1500NO5OFF,LLPS,OW,False,False,,,,,,,,,,,,,,,
SNII,47.774323879645166,47.774323879645166,,0.0,0.0,0.0,6.839740256014387,0.0,156.25458813226481,156.25458813226481,OWN-BA+,BA_OWN_UPRATE_TrueHYD_FalseFF_BALOAD_22.91TWH_1781p3768888888892NO1NUKE_1400NO2-500NO2OFF,BA,OWN,True,False,,,,,,,,,,,,,,,
SNII,45.7471840305717,45.7471840305717,,0.0,0.0,0.0,14.65658617778688,0.0,278.0479634488773,278.0479634488773,OW-BA+,BA_OW_UPRATE_TrueHYD_FalseFF_BALOAD_22.91TWH_NoneNUKE_3000NO2-500NO2-1500NO5OFF,BA,OW,True,False,,,,,,,,,,,,,,,
SNII,48.951245036904965,48.951245036904965,,0.0,0.0,0.0,6.839740256014387,0.0,163.628601680384,163.628601680384,OWN-LLPS+,LLPS_OWN_UPRATE_TrueHYD_FalseFF_LLPSLOAD_22.91TWH_1781p3768888888892NO1NUKE_1400NO2-500NO2OFF,LLPS,OWN,True,False,,,,,,,,,,,,,,,
SNII,46.630706731639435,46.630706731639435,,0.0,0.0,0.0,14.65658617778688,0.0,290.93771427178893,290.93771427178893,OW-LLPS+,LLPS_OW_UPRATE_TrueHYD_FalseFF_LLPSLOAD_22.91TWH_NoneNUKE_3000NO2-500NO2-1500NO5OFF,LLPS,OW,True,False,,,,,,,,,,,,,,,
UN,48.805878827201404,48.805878827201404,,0.0,0.0,0.0,2.185931284394062,0.0,51.52615823896692,51.52615823896692,OWN-BA,BA_OWN_FalseHYD_FalseFF_BALOAD_22.91TWH_1781p3768888888892NO1NUKE_1400NO2-500NO2OFF,BA,OWN,False,False,,,,,,,,,,,,,,,
UN,46.474589490618015,46.474589490618015,,0.0,0.0,0.0,2.185931284394062,0.0,42.572752666013635,42.572752666013635,OW-BA,BA_OW_FalseHYD_FalseFF_BALOAD_22.91TWH_NoneNUKE_3000NO2-500NO2-1500NO5OFF,BA,OW,False,False,,,,,,,,,,,,,,,
UN,50.00102313814468,50.00102313814468,,0.0,0.0,0.0,2.185931284394062,0.0,54.22930673941881,54.22930673941881,OWN-LLPS,LLPS_OWN_FalseHYD_FalseFF_LLPSLOAD_22.91TWH_1781p3768888888892NO1NUKE_1400NO2-500NO2OFF,LLPS,OWN,False,False,,,,,,,,,,,,,,,
UN,47.346689237891624,47.346689237891624,,0.0,0.0,0.0,2.185931284394062,0.0,44.660499062787565,44.660499062787565,OW-LLPS,LLPS_OW_FalseHYD_FalseFF_LLPSLOAD_22.91TWH_NoneNUKE_3000NO2-500NO2-1500NO5OFF,LLPS,OW,False,False,,,,,,,,,,,,,,,
UN,47.77433071924725,47.77433071924725,,0.0,0.0,0.0,2.185931284394062,0.0,49.34503075565151,49.34503075565151,OWN-BA+,BA_OWN_UPRATE_TrueHYD_FalseFF_BALOAD_22.91TWH_1781p3768888888892NO1NUKE_1400NO2-500NO2OFF,BA,OWN,True,False,,,,,,,,,,,,,,,
UN,45.74715856403921,45.74715856403921,,0.0,0.0,0.0,2.185931284394062,0.0,41.30107202538068,41.30107202538068,OW-BA+,BA_OW_UPRATE_TrueHYD_FalseFF_BALOAD_22.91TWH_NoneNUKE_3000NO2-500NO2-1500NO5OFF,BA,OW,True,False,,,,,,,,,,,,,,,
UN,48.95124913735039,48.95124913735039,,0.0,0.0,0.0,2.185931284394062,0.0,51.9679690321618,51.9679690321618,OWN-LLPS+,LLPS_OWN_UPRATE_TrueHYD_FalseFF_LLPSLOAD_22.91TWH_1781p3768888888892NO1NUKE_1400NO2-500NO2OFF,LLPS,OWN,True,False,,,,,,,,,,,,,,,
UN,46.630677380801956,46.630677380801956,,0.0,0.0,0.0,2.185931284394062,0.0,43.367073248542816,43.367073248542816,OW-LLPS+,LLPS_OW_UPRATE_TrueHYD_FalseFF_LLPSLOAD_22.91TWH_NoneNUKE_3000NO2-500NO2-1500NO5OFF,LLPS,OW,True,False,,,,,,,,,,,,,,,
VVD,48.35488093648427,48.35488093648427,,0.0,0.0,0.0,5.994131658329968,0.0,110.13401198910134,110.13401198910134,OW-BA,BA_OW_FalseHYD_FalseFF_BALOAD_22.91TWH_NoneNUKE_3000NO2-500NO2-1500NO5OFF,BA,OW,False,False,,,,,,,,,,,,,,,
VVD,54.28868442027369,54.28868442027369,,0.0,0.0,0.0,5.994131658329968,0.0,129.8755797599112,129.8755797599112,OW-LLPS,LLPS_OW_FalseHYD_FalseFF_LLPSLOAD_22.91TWH_NoneNUKE_3000NO2-500NO2-1500NO5OFF,LLPS,OW,False,False,,,,,,,,,,,,,,,
VVD,47.41923796956434,47.41923796956434,,0.0,0.0,0.0,5.994131658329968,0.0,107.56852076876147,107.56852076876147,OW-BA+,BA_OW_UPRATE_TrueHYD_FalseFF_BALOAD_22.91TWH_NoneNUKE_3000NO2-500NO2-1500NO5OFF,BA,OW,True,False,,,,,,,,,,,,,,,
VVD,52.77016056421985,52.77016056421985,,0.0,0.0,0.0,5.994131658329968,0.0,124.26512511762073,124.26512511762073,OW-LLPS+,LLPS_OW_UPRATE_TrueHYD_FalseFF_LLPSLOAD_22.91TWH_NoneNUKE_3000NO2-500NO2-1500NO5OFF,LLPS,OW,True,False,,,,,,,,,,,,,,,
